날짜,요일,학생ID,학생명,과목,로그인횟수,학습세션수,총접속분,영상시청분,영상완주율(%),자료열람수,퀴즈응시수,게시판글수,질문수,접속기기,최초접속시각,최종접속시각
2026-05-24,월,S30301,신도미,과학,3,4,102,70,69,0,3,0,0,스마트폰,11:33,13:20
2026-05-24,월,S30302,강도민,과학,2,3,77,28,51,0,1,0,3,크롬북,18:08,18:47
2026-05-24,월,S30303,서준미,과학,1,1,109,48,78,0,2,3,0,데스크톱,17:45,20:17
2026-05-24,월,S30305,송연희,과학,3,3,108,40,38,5,1,0,1,스마트폰,09:03,11:04
2026-05-24,월,S30306,강하은,과학,3,4,128,48,68,5,1,1,1,스마트폰,21:20,23:47
2026-05-24,월,S30307,김성희,과학,1,1,106,56,75,2,0,0,2,태블릿,22:55,23:26
2026-05-24,월,S30308,안하연,과학,3,3,46,19,69,2,1,1,0,노트북,22:20,23:50
2026-05-24,월,S30309,안지경,과학,3,3,87,31,61,2,2,2,1,노트북,19:46,22:59
2026-05-24,월,S30310,허혜율,과학,1,1,110,35,59,0,1,0,0,태블릿,10:43,13:49
2026-05-24,월,S30312,유선민,과학,1,1,63,39,69,0,0,3,0,스마트폰,22:01,22:40
2026-05-24,월,S30313,신하윤,과학,2,2,73,33,59,2,1,0,0,태블릿,14:20,17:07
2026-05-24,월,S30314,장진지,과학,2,2,60,38,60,1,2,2,1,크롬북,14:46,14:55
2026-05-24,월,S30315,박시호,과학,1,1,90,36,74,3,2,0,0,노트북,10:38,13:35
2026-05-24,월,S30316,서시은,과학,3,4,70,31,66,3,1,0,2,스마트폰,08:43,11:17
2026-05-24,월,S30317,손은호,과학,1,1,87,57,58,3,0,0,2,데스크톱,14:51,16:04
2026-05-24,월,S30318,오진율,과학,3,4,72,34,68,4,2,0,1,노트북,18:20,21:04
2026-05-24,월,S30319,남유원,과학,1,1,82,30,69,1,0,2,0,노트북,10:56,12:00
2026-05-24,월,S30320,조선우,과학,1,1,74,26,65,0,0,0,0,데스크톱,20:32,23:30
2026-05-24,월,S30323,오진은,과학,3,4,82,25,53,3,3,0,0,태블릿,13:15,15:27
2026-05-24,월,S30324,배서경,과학,1,1,96,46,82,1,1,0,0,스마트폰,10:39,10:40
2026-05-24,월,S30325,양혁율,과학,3,3,88,34,74,1,3,0,1,태블릿,15:37,15:17
2026-05-25,화,S30302,강도민,과학,2,2,39,23,63,3,2,0,3,데스크톱,15:03,16:25
2026-05-25,화,S30303,서준미,과학,2,3,63,29,49,0,3,0,0,노트북,12:35,15:46
2026-05-25,화,S30304,전시준,과학,2,2,44,30,38,1,3,0,0,스마트폰,10:46,11:08
2026-05-25,화,S30305,송연희,과학,3,4,47,30,46,3,0,3,0,데스크톱,17:45,20:13
2026-05-25,화,S30306,강하은,과학,3,3,126,66,98,0,3,0,1,노트북,14:12,15:40
2026-05-25,화,S30307,김성희,과학,3,3,135,55,84,1,3,0,3,크롬북,09:59,10:59
2026-05-25,화,S30309,안지경,과학,3,3,75,51,46,4,2,0,0,크롬북,10:01,13:27
2026-05-25,화,S30310,허혜율,과학,1,1,37,13,26,4,3,0,1,데스크톱,08:17,11:37
2026-05-25,화,S30312,유선민,과학,2,2,86,59,99,2,2,0,0,데스크톱,17:14,18:58
2026-05-25,화,S30316,서시은,과학,1,1,102,60,72,2,0,0,2,크롬북,22:46,23:40
2026-05-25,화,S30318,오진율,과학,2,2,83,45,60,0,0,0,0,태블릿,17:44,17:33
2026-05-25,화,S30319,남유원,과학,3,4,57,33,54,2,0,2,0,크롬북,17:07,19:38
2026-05-25,화,S30320,조선우,과학,3,3,121,65,49,2,3,0,1,크롬북,22:58,23:52
2026-05-25,화,S30321,유선희,과학,1,2,84,40,40,3,3,0,0,스마트폰,21:11,21:38
2026-05-25,화,S30322,허주현,과학,2,2,68,38,38,0,2,0,0,크롬북,09:00,12:06
2026-05-25,화,S30323,오진은,과학,2,2,81,36,53,3,3,0,0,태블릿,20:59,22:20
2026-05-25,화,S30324,배서경,과학,1,2,91,40,51,0,1,0,3,태블릿,16:39,17:34
2026-05-25,화,S30325,양혁율,과학,2,3,105,62,58,2,1,0,1,스마트폰,17:05,18:08
2026-05-25,화,S30326,유진민,과학,2,2,61,24,72,1,0,0,0,태블릿,15:07,18:56
2026-05-26,수,S30301,신도미,과학,3,3,78,47,68,0,3,0,2,데스크톱,13:38,15:57
2026-05-26,수,S30302,강도민,과학,2,2,76,45,87,3,2,0,3,노트북,21:27,23:50
2026-05-26,수,S30303,서준미,과학,1,2,76,25,66,2,2,0,0,스마트폰,13:13,16:02
2026-05-26,수,S30304,전시준,과학,2,3,88,54,62,0,2,0,0,크롬북,22:41,23:01
2026-05-26,수,S30305,송연희,과학,1,1,91,54,29,4,2,0,2,데스크톱,16:52,19:43
2026-05-26,수,S30306,강하은,과학,2,2,104,71,58,1,1,0,0,크롬북,17:41,19:37
2026-05-26,수,S30307,김성희,과학,3,4,134,84,87,0,0,0,0,노트북,15:41,18:16
2026-05-26,수,S30308,안하연,과학,3,3,65,26,100,3,3,2,0,노트북,20:03,20:32
2026-05-26,수,S30309,안지경,과학,2,2,57,38,67,0,3,2,0,스마트폰,22:19,22:12
2026-05-26,수,S30310,허혜율,과학,1,2,99,32,58,2,1,0,0,크롬북,09:03,11:01
2026-05-26,수,S30311,강하수,과학,3,3,109,58,45,2,1,0,0,크롬북,10:59,12:02
2026-05-26,수,S30313,신하윤,과학,1,2,93,30,66,2,1,0,0,태블릿,14:00,17:29
2026-05-26,수,S30314,장진지,과학,1,1,126,85,75,1,0,0,3,크롬북,14:43,17:16
2026-05-26,수,S30315,박시호,과학,1,1,101,43,71,0,3,0,2,크롬북,12:57,15:04
2026-05-26,수,S30316,서시은,과학,2,2,101,61,67,1,1,0,0,태블릿,11:46,14:01
2026-05-26,수,S30317,손은호,과학,2,2,77,47,62,3,1,0,1,태블릿,08:12,08:02
2026-05-26,수,S30318,오진율,과학,1,2,116,46,74,4,2,0,0,노트북,20:19,22:38
2026-05-26,수,S30319,남유원,과학,2,2,87,45,46,2,1,0,0,노트북,20:37,22:14
2026-05-26,수,S30320,조선우,과학,3,3,46,32,69,0,1,0,2,크롬북,19:34,19:39
2026-05-26,수,S30321,유선희,과학,1,1,78,50,65,3,1,0,0,데스크톱,15:21,17:36
2026-05-26,수,S30322,허주현,과학,3,3,53,22,64,1,3,0,2,스마트폰,11:08,12:24
2026-05-26,수,S30323,오진은,과학,3,3,79,55,43,2,3,0,0,노트북,11:16,11:41
2026-05-26,수,S30324,배서경,과학,2,2,86,49,57,3,1,0,0,데스크톱,21:22,22:15
2026-05-26,수,S30325,양혁율,과학,1,1,82,35,44,2,0,0,0,데스크톱,15:37,16:38
2026-05-27,목,S30301,신도미,과학,2,2,72,29,62,1,0,0,3,스마트폰,14:16,16:10
2026-05-27,목,S30303,서준미,과학,3,3,94,31,74,4,3,1,0,태블릿,22:05,22:30
2026-05-27,목,S30305,송연희,과학,2,2,42,23,15,3,0,0,2,크롬북,20:33,22:00
2026-05-27,목,S30306,강하은,과학,1,2,90,43,71,4,2,0,2,노트북,09:49,09:47
2026-05-27,목,S30308,안하연,과학,2,3,94,47,77,2,2,0,2,스마트폰,09:06,09:38
2026-05-27,목,S30309,안지경,과학,1,1,32,17,56,3,1,0,0,태블릿,11:58,14:38
2026-05-27,목,S30310,허혜율,과학,1,1,124,47,15,4,1,1,2,데스크톱,08:07,09:15
2026-05-27,목,S30311,강하수,과학,2,2,79,26,34,0,3,0,0,크롬북,22:56,22:40
2026-05-27,목,S30313,신하윤,과학,1,1,61,39,59,1,2,0,0,태블릿,21:50,21:40
2026-05-27,목,S30317,손은호,과학,3,4,70,48,25,4,1,2,1,스마트폰,17:09,19:00
2026-05-27,목,S30318,오진율,과학,3,3,71,38,50,0,1,1,1,태블릿,19:02,19:28
2026-05-27,목,S30319,남유원,과학,1,2,58,18,61,1,0,3,0,데스크톱,11:05,13:51
2026-05-27,목,S30321,유선희,과학,2,2,97,37,74,2,0,3,0,태블릿,22:10,23:04
2026-05-27,목,S30322,허주현,과학,2,2,65,29,61,1,2,0,0,스마트폰,17:01,20:07
2026-05-27,목,S30323,오진은,과학,2,2,96,63,42,3,0,0,0,태블릿,19:36,22:11
2026-05-27,목,S30324,배서경,과학,3,3,72,47,48,3,1,0,0,스마트폰,14:57,16:07
2026-05-27,목,S30326,유진민,과학,3,4,62,27,85,1,0,0,0,스마트폰,18:14,19:18
2026-05-28,금,S30301,신도미,과학,1,1,72,34,90,0,1,3,0,데스크톱,19:05,19:16
2026-05-28,금,S30302,강도민,과학,1,1,87,37,74,2,0,0,0,데스크톱,08:10,10:01
2026-05-28,금,S30303,서준미,과학,2,3,90,34,73,2,2,1,1,스마트폰,20:38,22:00
2026-05-28,금,S30305,송연희,과학,2,2,75,34,22,4,3,0,0,크롬북,11:10,11:18
2026-05-28,금,S30307,김성희,과학,3,3,75,40,78,2,2,0,0,데스크톱,14:00,17:17
2026-05-28,금,S30308,안하연,과학,1,1,72,22,65,1,1,0,0,크롬북,16:20,19:54
2026-05-28,금,S30309,안지경,과학,1,1,85,50,72,2,0,0,0,스마트폰,12:50,15:10
2026-05-28,금,S30312,유선민,과학,1,1,76,24,84,3,0,0,0,노트북,15:00,15:26
2026-05-28,금,S30313,신하윤,과학,3,3,80,24,49,4,2,0,2,태블릿,20:17,23:25
2026-05-28,금,S30314,장진지,과학,1,1,69,42,97,3,3,0,0,스마트폰,22:44,23:10
2026-05-28,금,S30315,박시호,과학,2,2,58,31,80,3,2,0,0,데스크톱,14:22,17:27
2026-05-28,금,S30316,서시은,과학,3,3,80,31,93,2,1,0,0,노트북,15:01,16:03
2026-05-28,금,S30317,손은호,과학,3,3,62,40,70,4,1,0,0,데스크톱,16:40,17:07
2026-05-28,금,S30318,오진율,과학,2,2,46,31,67,0,2,0,2,크롬북,11:53,11:02
2026-05-28,금,S30319,남유원,과학,3,3,84,27,52,2,0,3,3,노트북,22:59,23:56
2026-05-28,금,S30320,조선우,과학,3,4,74,49,55,0,0,0,0,데스크톱,19:11,19:06
2026-05-28,금,S30322,허주현,과학,1,2,79,42,83,1,0,2,0,태블릿,12:42,12:22
2026-05-28,금,S30323,오진은,과학,3,3,94,49,30,4,3,0,3,노트북,16:51,16:50
2026-05-28,금,S30324,배서경,과학,2,2,103,36,89,2,3,0,0,크롬북,19:12,21:13
2026-05-28,금,S30325,양혁율,과학,2,2,90,56,58,3,0,3,0,태블릿,19:46,19:30
2026-05-28,금,S30326,유진민,과학,1,1,83,47,63,2,2,1,0,스마트폰,17:15,19:20
2026-05-29,토,S30306,강하은,과학,1,1,111,60,81,3,3,0,0,태블릿,14:25,14:02
2026-05-29,토,S30308,안하연,과학,2,2,73,44,74,1,3,1,3,스마트폰,18:13,20:03
2026-05-29,토,S30309,안지경,과학,2,2,74,43,55,4,2,0,1,데스크톱,16:00,18:58
2026-05-29,토,S30315,박시호,과학,2,2,88,54,53,1,1,0,0,스마트폰,09:12,12:09
2026-05-29,토,S30317,손은호,과학,2,2,69,38,50,0,0,2,2,태블릿,19:54,21:24
2026-05-29,토,S30318,오진율,과학,3,3,97,33,90,1,1,0,0,태블릿,15:59,17:35
2026-05-29,토,S30321,유선희,과학,2,2,70,42,63,0,0,2,0,노트북,21:09,23:54
2026-05-29,토,S30323,오진은,과학,1,2,95,48,15,0,3,3,2,스마트폰,08:10,11:28
2026-05-29,토,S30326,유진민,과학,3,3,65,40,52,3,0,2,1,크롬북,18:32,18:22
2026-05-30,일,S30303,서준미,과학,3,3,76,30,35,4,1,2,0,크롬북,11:39,12:22
2026-05-30,일,S30310,허혜율,과학,1,1,102,61,79,1,3,0,0,노트북,20:06,22:20
2026-05-30,일,S30311,강하수,과학,1,1,50,25,56,2,0,0,1,노트북,22:12,22:12
2026-05-30,일,S30318,오진율,과학,2,3,45,25,35,2,1,1,0,크롬북,09:06,12:40
2026-05-30,일,S30321,유선희,과학,2,2,80,45,100,1,0,0,2,스마트폰,18:33,18:39
2026-05-30,일,S30324,배서경,과학,2,2,72,34,41,2,3,0,2,노트북,14:48,16:19
2026-05-31,월,S30301,신도미,과학,1,1,83,38,79,2,2,0,3,크롬북,15:00,18:56
2026-05-31,월,S30302,강도민,과학,3,4,118,77,72,2,0,0,0,스마트폰,17:50,17:50
2026-05-31,월,S30303,서준미,과학,2,3,93,63,50,3,3,0,0,태블릿,08:59,11:06
2026-05-31,월,S30304,전시준,과학,1,1,75,25,80,0,2,0,0,노트북,13:39,13:47
2026-05-31,월,S30306,강하은,과학,1,2,87,58,61,1,1,0,2,태블릿,17:22,18:17
2026-05-31,월,S30307,김성희,과학,1,1,114,78,61,4,0,0,1,크롬북,10:12,11:07
2026-05-31,월,S30308,안하연,과학,3,4,111,69,80,1,0,3,0,태블릿,10:13,13:08
2026-05-31,월,S30309,안지경,과학,2,2,65,20,70,3,1,2,0,스마트폰,17:52,18:20
2026-05-31,월,S30310,허혜율,과학,3,4,121,41,79,4,3,2,2,노트북,09:53,12:18
2026-05-31,월,S30311,강하수,과학,2,3,83,48,58,3,1,1,0,노트북,11:45,12:40
2026-05-31,월,S30312,유선민,과학,2,3,42,22,91,2,3,0,0,태블릿,13:09,14:29
2026-05-31,월,S30313,신하윤,과학,2,2,82,51,41,2,0,0,0,데스크톱,18:34,19:47
2026-05-31,월,S30314,장진지,과학,3,3,83,33,82,2,3,0,0,데스크톱,17:13,20:44
2026-05-31,월,S30315,박시호,과학,2,2,86,36,50,0,1,3,2,데스크톱,20:50,22:58
2026-05-31,월,S30317,손은호,과학,3,3,90,51,54,4,1,0,0,데스크톱,08:07,10:44
2026-05-31,월,S30318,오진율,과학,1,1,112,73,33,2,0,2,1,스마트폰,20:24,23:25
2026-05-31,월,S30321,유선희,과학,1,1,86,57,84,0,2,0,0,데스크톱,14:38,16:31
2026-05-31,월,S30322,허주현,과학,1,2,65,24,92,2,3,0,0,노트북,10:06,13:37
2026-05-31,월,S30324,배서경,과학,2,2,74,38,75,1,1,0,2,노트북,21:23,23:15
2026-05-31,월,S30325,양혁율,과학,1,1,96,50,72,0,0,0,2,태블릿,08:26,09:55
2026-05-31,월,S30326,유진민,과학,1,2,51,19,32,0,2,0,0,데스크톱,08:03,09:12
2026-06-01,화,S30301,신도미,과학,1,1,59,29,41,1,0,0,1,태블릿,09:00,11:19
2026-06-01,화,S30302,강도민,과학,3,3,54,27,61,1,0,0,0,태블릿,16:35,18:56
2026-06-01,화,S30303,서준미,과학,3,4,80,48,58,2,1,2,0,노트북,16:56,16:38
2026-06-01,화,S30305,송연희,과학,3,3,112,48,16,5,1,0,0,크롬북,19:00,21:01
2026-06-01,화,S30306,강하은,과학,3,3,101,35,56,3,3,0,3,태블릿,08:46,11:21
2026-06-01,화,S30307,김성희,과학,1,1,113,73,82,3,2,0,2,노트북,20:42,21:55
2026-06-01,화,S30308,안하연,과학,2,2,76,45,70,1,3,0,0,노트북,18:34,21:40
2026-06-01,화,S30310,허혜율,과학,1,1,113,41,48,0,2,0,0,스마트폰,17:42,20:33
2026-06-01,화,S30311,강하수,과학,1,1,108,70,65,1,3,0,0,크롬북,22:50,23:13
2026-06-01,화,S30313,신하윤,과학,1,1,111,66,49,0,0,0,3,데스크톱,12:03,14:45
2026-06-01,화,S30315,박시호,과학,3,4,84,28,68,3,3,0,0,크롬북,10:44,13:47
2026-06-01,화,S30318,오진율,과학,2,3,110,40,81,4,3,0,0,크롬북,21:53,23:22
2026-06-01,화,S30319,남유원,과학,1,2,65,30,54,2,1,2,0,데스크톱,14:35,16:39
2026-06-01,화,S30320,조선우,과학,2,2,93,62,100,3,1,0,0,노트북,18:14,18:20
2026-06-01,화,S30321,유선희,과학,1,1,63,24,71,2,1,0,0,노트북,20:13,22:03
2026-06-01,화,S30323,오진은,과학,2,2,73,27,48,1,0,0,0,태블릿,11:04,13:28
2026-06-01,화,S30324,배서경,과학,3,3,81,53,51,2,0,3,2,노트북,11:56,14:24
2026-06-01,화,S30325,양혁율,과학,2,3,53,33,46,3,2,0,2,스마트폰,08:03,10:28
2026-06-02,수,S30301,신도미,과학,2,2,90,37,77,4,0,1,0,태블릿,09:22,12:08
2026-06-02,수,S30303,서준미,과학,2,3,68,35,38,4,0,0,0,크롬북,22:48,23:14
2026-06-02,수,S30305,송연희,과학,3,3,93,31,59,4,3,2,1,스마트폰,15:56,17:00
2026-06-02,수,S30306,강하은,과학,1,1,125,84,68,3,1,3,0,태블릿,17:24,17:22
2026-06-02,수,S30307,김성희,과학,3,3,110,61,48,1,3,0,0,태블릿,20:05,22:43
2026-06-02,수,S30308,안하연,과학,3,3,119,48,82,1,0,0,3,노트북,22:50,22:00
2026-06-02,수,S30309,안지경,과학,2,2,73,41,63,2,2,0,0,크롬북,21:23,23:35
2026-06-02,수,S30310,허혜율,과학,2,2,76,38,77,4,2,0,3,크롬북,22:31,23:01
2026-06-02,수,S30311,강하수,과학,3,3,97,32,54,3,3,0,2,스마트폰,10:36,11:35
2026-06-02,수,S30313,신하윤,과학,3,3,72,41,66,4,0,0,0,데스크톱,22:42,22:16
2026-06-02,수,S30314,장진지,과학,2,2,50,32,71,1,3,0,2,크롬북,11:14,14:29
2026-06-02,수,S30317,손은호,과학,3,3,56,26,37,4,3,0,0,태블릿,12:05,15:35
2026-06-02,수,S30320,조선우,과학,1,1,102,33,62,3,0,0,0,스마트폰,17:53,17:48
2026-06-02,수,S30322,허주현,과학,1,2,75,47,96,2,3,0,0,스마트폰,19:11,19:44
2026-06-02,수,S30323,오진은,과학,2,2,70,21,39,3,1,3,0,태블릿,16:05,19:33
2026-06-02,수,S30324,배서경,과학,1,2,82,30,66,4,2,0,0,크롬북,16:34,17:57
2026-06-02,수,S30325,양혁율,과학,2,2,67,39,56,1,0,0,0,데스크톱,19:01,20:56
2026-06-03,목,S30301,신도미,과학,3,3,30,18,65,2,0,3,0,데스크톱,14:51,16:25
2026-06-03,목,S30302,강도민,과학,2,2,113,71,55,1,0,2,3,크롬북,10:17,12:03
2026-06-03,목,S30303,서준미,과학,3,4,80,43,54,1,1,0,0,크롬북,22:05,22:58
2026-06-03,목,S30305,송연희,과학,1,2,88,30,41,5,0,0,0,데스크톱,18:21,20:40
2026-06-03,목,S30306,강하은,과학,1,1,88,46,88,5,1,0,1,데스크톱,12:18,15:59
2026-06-03,목,S30307,김성희,과학,3,4,104,52,100,1,1,0,3,크롬북,15:21,16:10
2026-06-03,목,S30309,안지경,과학,2,2,77,43,68,0,3,1,3,크롬북,11:25,12:53
2026-06-03,목,S30310,허혜율,과학,2,2,87,56,73,1,3,0,2,스마트폰,08:46,08:51
2026-06-03,목,S30311,강하수,과학,1,2,85,45,47,3,0,0,0,스마트폰,09:11,11:42
2026-06-03,목,S30313,신하윤,과학,1,1,55,38,55,0,3,0,0,노트북,19:55,22:47
2026-06-03,목,S30314,장진지,과학,2,2,74,42,76,0,3,0,3,데스크톱,20:05,23:58
2026-06-03,목,S30315,박시호,과학,1,2,95,59,57,3,2,0,0,태블릿,10:04,13:28
2026-06-03,목,S30316,서시은,과학,3,4,75,39,79,1,1,0,2,태블릿,08:44,10:05
2026-06-03,목,S30317,손은호,과학,1,1,87,58,39,1,0,2,0,노트북,19:47,19:16
2026-06-03,목,S30318,오진율,과학,2,2,127,57,81,0,2,1,3,데스크톱,17:04,18:34
2026-06-03,목,S30319,남유원,과학,3,4,96,35,45,2,2,0,0,스마트폰,14:26,15:07
2026-06-03,목,S30320,조선우,과학,1,1,81,56,91,2,0,2,0,스마트폰,14:09,17:45
2026-06-03,목,S30321,유선희,과학,1,2,63,22,91,1,3,0,0,태블릿,19:35,19:16
2026-06-03,목,S30323,오진은,과학,2,2,98,34,63,4,2,0,3,데스크톱,12:18,14:54
2026-06-03,목,S30324,배서경,과학,3,4,63,24,40,1,3,0,2,스마트폰,11:26,11:05
2026-06-04,금,S30301,신도미,과학,1,2,69,47,59,1,0,0,0,스마트폰,11:59,13:15
2026-06-04,금,S30303,서준미,과학,2,2,70,34,80,3,0,0,3,노트북,15:37,17:20
2026-06-04,금,S30305,송연희,과학,2,3,58,36,52,1,2,0,1,스마트폰,16:42,16:50
2026-06-04,금,S30306,강하은,과학,2,2,96,42,70,1,0,1,2,노트북,11:48,11:57
2026-06-04,금,S30307,김성희,과학,1,1,133,64,48,2,3,2,0,태블릿,11:31,13:19
2026-06-04,금,S30308,안하연,과학,3,3,80,26,60,3,1,0,0,크롬북,21:06,22:07
2026-06-04,금,S30309,안지경,과학,3,3,49,29,58,1,0,0,2,크롬북,11:31,14:42
2026-06-04,금,S30310,허혜율,과학,3,3,84,56,43,3,2,3,2,스마트폰,19:44,19:49
2026-06-04,금,S30311,강하수,과학,1,1,84,40,52,3,0,0,0,노트북,17:47,20:25
2026-06-04,금,S30313,신하윤,과학,2,2,56,17,86,1,1,0,3,스마트폰,19:55,19:28
2026-06-04,금,S30314,장진지,과학,2,2,68,25,60,0,0,0,0,태블릿,17:59,17:11
2026-06-04,금,S30316,서시은,과학,2,2,90,41,55,1,2,0,0,데스크톱,14:59,16:45
2026-06-04,금,S30318,오진율,과학,3,3,95,29,54,3,2,0,3,스마트폰,14:38,14:52
2026-06-04,금,S30319,남유원,과학,3,4,60,22,50,2,3,2,1,태블릿,13:24,14:30
2026-06-04,금,S30322,허주현,과학,1,1,74,45,51,0,1,3,0,데스크톱,15:27,17:13
2026-06-04,금,S30323,오진은,과학,3,3,88,36,38,3,0,1,0,태블릿,17:52,17:22
2026-06-04,금,S30324,배서경,과학,1,2,125,53,69,3,1,0,0,크롬북,13:01,16:06
2026-06-04,금,S30325,양혁율,과학,2,3,100,58,59,3,0,0,0,데스크톱,22:10,23:27
2026-06-04,금,S30326,유진민,과학,3,3,68,42,51,3,1,3,0,스마트폰,09:00,10:03
2026-06-05,토,S30311,강하수,과학,3,3,65,31,79,1,1,0,2,노트북,22:38,23:11
2026-06-05,토,S30313,신하윤,과학,3,3,83,42,58,4,3,0,2,스마트폰,14:55,17:12
2026-06-05,토,S30315,박시호,과학,2,3,93,45,63,2,0,0,0,크롬북,08:01,10:37
2026-06-05,토,S30317,손은호,과학,3,3,111,62,64,4,1,0,0,태블릿,14:29,16:09
2026-06-06,일,S30303,서준미,과학,1,2,63,38,77,0,2,3,3,노트북,14:54,14:03
2026-06-06,일,S30305,송연희,과학,2,2,77,25,64,2,2,0,0,데스크톱,13:37,14:47
2026-06-06,일,S30307,김성희,과학,3,3,126,47,100,4,3,3,0,크롬북,09:28,10:56
2026-06-06,일,S30308,안하연,과학,3,4,69,42,100,0,1,0,0,크롬북,16:47,18:26
2026-06-06,일,S30315,박시호,과학,2,2,99,30,61,2,1,0,1,스마트폰,14:21,15:16
2026-06-06,일,S30316,서시은,과학,2,3,30,12,81,2,2,0,1,스마트폰,11:20,13:21
2026-06-06,일,S30319,남유원,과학,3,3,74,51,75,0,3,1,0,태블릿,10:14,11:34
2026-06-06,일,S30320,조선우,과학,2,2,86,40,59,0,2,3,0,노트북,16:38,16:34
2026-06-06,일,S30322,허주현,과학,3,4,76,46,55,0,2,0,0,태블릿,20:10,22:46
2026-06-07,월,S30301,신도미,과학,3,4,100,56,99,4,2,3,2,스마트폰,19:02,22:03
2026-06-07,월,S30302,강도민,과학,2,3,39,16,63,1,0,1,1,노트북,16:54,18:53
2026-06-07,월,S30303,서준미,과학,1,1,81,49,65,3,1,1,0,데스크톱,08:14,09:29
2026-06-07,월,S30304,전시준,과학,1,2,42,17,83,3,1,1,0,스마트폰,18:27,20:17
2026-06-07,월,S30305,송연희,과학,3,3,113,75,54,5,3,0,2,데스크톱,22:58,22:20
2026-06-07,월,S30306,강하은,과학,1,1,85,56,71,4,3,0,1,노트북,16:59,16:45
2026-06-07,월,S30307,김성희,과학,2,2,100,67,81,1,2,3,0,노트북,21:23,22:02
2026-06-07,월,S30308,안하연,과학,2,2,50,34,50,2,0,0,1,노트북,19:34,22:15
2026-06-07,월,S30312,유선민,과학,1,1,89,42,57,3,1,0,0,태블릿,12:57,15:38
2026-06-07,월,S30313,신하윤,과학,3,3,103,70,64,2,0,0,3,크롬북,16:56,19:18
2026-06-07,월,S30315,박시호,과학,2,2,81,52,61,2,2,3,0,스마트폰,17:03,17:47
2026-06-07,월,S30316,서시은,과학,3,4,76,50,36,3,3,0,2,노트북,12:50,12:00
2026-06-07,월,S30317,손은호,과학,3,4,59,34,30,0,2,0,0,노트북,22:04,23:19
2026-06-07,월,S30318,오진율,과학,2,2,86,30,66,0,1,3,3,스마트폰,08:54,09:58
2026-06-07,월,S30320,조선우,과학,3,3,76,44,50,1,2,0,0,노트북,09:31,10:06
2026-06-07,월,S30321,유선희,과학,3,3,71,31,68,1,2,0,0,크롬북,17:39,19:14
2026-06-07,월,S30322,허주현,과학,1,1,64,38,42,2,3,0,0,데스크톱,08:05,10:30
2026-06-07,월,S30323,오진은,과학,3,4,62,33,42,4,3,0,0,크롬북,19:08,19:34
2026-06-07,월,S30324,배서경,과학,1,1,91,41,54,1,0,0,0,스마트폰,22:55,23:44
2026-06-07,월,S30326,유진민,과학,1,1,78,33,40,0,1,0,2,크롬북,18:27,19:22
2026-06-08,화,S30301,신도미,과학,1,1,78,51,89,3,0,0,1,태블릿,14:44,17:25
2026-06-08,화,S30304,전시준,과학,2,2,86,44,100,3,0,0,0,스마트폰,21:54,23:57
2026-06-08,화,S30305,송연희,과학,2,2,79,51,45,0,1,0,0,노트북,20:26,21:43
2026-06-08,화,S30306,강하은,과학,2,2,81,34,77,5,1,0,1,데스크톱,13:15,16:17
2026-06-08,화,S30307,김성희,과학,2,3,93,32,75,1,0,1,3,태블릿,15:03,15:39
2026-06-08,화,S30308,안하연,과학,2,2,96,67,57,0,0,0,1,크롬북,09:41,10:30
2026-06-08,화,S30309,안지경,과학,2,3,76,47,85,4,3,3,3,데스크톱,21:10,23:51
2026-06-08,화,S30310,허혜율,과학,3,3,77,25,42,0,0,0,2,노트북,21:49,23:29
2026-06-08,화,S30311,강하수,과학,2,3,84,51,46,2,2,1,3,데스크톱,13:33,15:01
2026-06-08,화,S30312,유선민,과학,3,3,53,17,51,0,1,0,0,태블릿,08:06,11:05
2026-06-08,화,S30313,신하윤,과학,2,2,94,66,56,4,1,0,1,태블릿,16:14,17:00
2026-06-08,화,S30315,박시호,과학,3,4,81,50,53,1,2,2,0,태블릿,12:36,12:06
2026-06-08,화,S30316,서시은,과학,2,3,74,34,72,2,3,0,0,스마트폰,12:07,14:51
2026-06-08,화,S30317,손은호,과학,1,2,89,27,51,3,2,0,0,태블릿,13:09,15:29
2026-06-08,화,S30318,오진율,과학,1,1,107,41,59,3,2,0,3,스마트폰,19:43,21:10
2026-06-08,화,S30320,조선우,과학,2,3,80,47,80,3,0,0,0,크롬북,20:43,20:50
2026-06-08,화,S30321,유선희,과학,3,3,86,46,81,0,2,0,0,데스크톱,20:00,20:54
2026-06-08,화,S30323,오진은,과학,2,2,89,42,23,4,2,2,1,태블릿,09:44,12:32
2026-06-08,화,S30324,배서경,과학,3,3,86,44,66,0,2,0,1,데스크톱,08:18,11:33
2026-06-09,수,S30301,신도미,과학,2,3,88,57,81,4,1,0,0,노트북,18:19,21:00
2026-06-09,수,S30302,강도민,과학,1,2,95,60,98,3,2,1,0,데스크톱,08:27,09:15
2026-06-09,수,S30303,서준미,과학,3,4,104,36,74,2,3,0,0,태블릿,19:05,20:28
2026-06-09,수,S30304,전시준,과학,2,2,66,33,72,0,2,1,0,노트북,08:48,09:46
2026-06-09,수,S30305,송연희,과학,2,2,89,37,47,4,3,0,2,태블릿,14:33,15:36
2026-06-09,수,S30306,강하은,과학,3,3,100,58,74,4,3,0,3,태블릿,10:55,12:15
2026-06-09,수,S30307,김성희,과학,3,3,94,42,85,4,0,3,0,노트북,11:00,11:36
2026-06-09,수,S30308,안하연,과학,3,3,52,30,90,3,0,0,0,크롬북,20:18,20:10
2026-06-09,수,S30309,안지경,과학,2,2,91,35,47,1,3,0,3,데스크톱,12:14,13:54
2026-06-09,수,S30310,허혜율,과학,3,4,91,29,52,0,0,0,1,크롬북,15:16,17:15
2026-06-09,수,S30311,강하수,과학,1,1,105,59,78,3,2,0,2,크롬북,08:50,10:01
2026-06-09,수,S30313,신하윤,과학,3,3,94,62,56,3,0,1,0,데스크톱,22:35,22:23
2026-06-09,수,S30316,서시은,과학,1,1,81,55,73,1,3,0,2,크롬북,16:23,16:13
2026-06-09,수,S30317,손은호,과학,3,3,67,30,81,1,0,0,3,태블릿,17:08,18:23
2026-06-09,수,S30318,오진율,과학,2,3,78,37,71,4,3,0,0,크롬북,08:53,08:22
2026-06-09,수,S30319,남유원,과학,1,1,64,21,56,2,3,0,2,노트북,14:04,14:48
2026-06-09,수,S30320,조선우,과학,2,3,52,25,76,0,1,0,0,크롬북,09:01,10:04
2026-06-09,수,S30321,유선희,과학,1,1,111,44,62,3,2,0,1,스마트폰,20:03,21:41
2026-06-09,수,S30322,허주현,과학,3,3,75,26,73,1,3,0,2,스마트폰,19:58,20:52
2026-06-09,수,S30323,오진은,과학,3,3,92,47,60,0,1,0,0,노트북,08:28,11:27
2026-06-09,수,S30324,배서경,과학,2,2,46,31,38,2,3,0,1,크롬북,13:38,15:24
2026-06-10,목,S30302,강도민,과학,2,3,93,63,72,3,2,0,0,데스크톱,08:17,08:22
2026-06-10,목,S30303,서준미,과학,2,3,97,48,79,4,3,0,0,데스크톱,17:20,18:00
2026-06-10,목,S30304,전시준,과학,3,3,63,26,74,3,3,0,0,태블릿,08:14,09:25
2026-06-10,목,S30305,송연희,과학,1,1,70,48,46,0,0,0,0,데스크톱,16:28,18:52
2026-06-10,목,S30306,강하은,과학,3,3,107,59,56,1,3,3,2,태블릿,13:17,16:11
2026-06-10,목,S30307,김성희,과학,1,2,89,40,78,0,0,0,0,스마트폰,16:52,17:51
2026-06-10,목,S30308,안하연,과학,2,3,108,64,83,1,1,0,0,스마트폰,19:24,21:26
2026-06-10,목,S30309,안지경,과학,1,2,91,43,53,4,0,0,2,태블릿,11:28,13:10
2026-06-10,목,S30311,강하수,과학,2,3,93,39,87,1,3,0,0,스마트폰,13:19,15:29
2026-06-10,목,S30312,유선민,과학,1,1,62,24,65,1,0,0,2,크롬북,14:02,15:03
2026-06-10,목,S30313,신하윤,과학,2,2,105,54,50,1,0,0,0,스마트폰,16:28,17:03
2026-06-10,목,S30314,장진지,과학,2,3,52,16,53,3,3,0,0,데스크톱,21:35,23:41
2026-06-10,목,S30316,서시은,과학,3,3,40,18,77,2,0,0,0,스마트폰,17:52,18:15
2026-06-10,목,S30317,손은호,과학,1,1,73,35,44,0,0,0,0,스마트폰,11:20,12:06
2026-06-10,목,S30318,오진율,과학,3,3,98,59,31,4,0,0,0,데스크톱,16:47,19:06
2026-06-10,목,S30319,남유원,과학,3,3,68,31,49,2,3,0,0,스마트폰,22:47,22:09
2026-06-10,목,S30320,조선우,과학,2,2,86,38,59,0,3,0,0,태블릿,14:47,16:32
2026-06-10,목,S30321,유선희,과학,1,1,79,38,63,1,1,0,3,노트북,09:40,09:45
2026-06-10,목,S30324,배서경,과학,3,3,105,48,58,4,3,0,0,크롬북,21:07,21:44
2026-06-10,목,S30326,유진민,과학,1,1,74,45,80,3,1,0,0,데스크톱,22:52,23:34
2026-06-11,금,S30301,신도미,과학,2,3,48,22,62,3,2,0,0,태블릿,10:29,10:14
2026-06-11,금,S30303,서준미,과학,3,3,82,25,46,4,1,0,1,노트북,18:30,21:54
2026-06-11,금,S30304,전시준,과학,1,1,71,44,56,0,1,3,0,스마트폰,12:55,12:40
2026-06-11,금,S30305,송연희,과학,1,1,96,53,73,1,2,0,2,크롬북,20:53,23:15
2026-06-11,금,S30306,강하은,과학,3,4,47,22,55,0,2,0,3,크롬북,09:51,12:15
2026-06-11,금,S30307,김성희,과학,3,3,100,54,68,5,2,0,0,태블릿,21:28,23:06
2026-06-11,금,S30309,안지경,과학,2,2,42,20,56,1,0,2,0,스마트폰,16:24,19:09
2026-06-11,금,S30313,신하윤,과학,3,4,99,49,46,0,0,0,2,데스크톱,09:46,11:32
2026-06-11,금,S30314,장진지,과학,2,2,55,37,55,0,1,0,0,크롬북,11:12,11:56
2026-06-11,금,S30315,박시호,과학,2,2,70,25,59,1,3,0,3,태블릿,22:20,22:51
2026-06-11,금,S30316,서시은,과학,2,3,67,47,51,3,3,2,0,크롬북,16:00,16:15
2026-06-11,금,S30317,손은호,과학,2,3,87,42,45,4,1,2,0,크롬북,09:54,09:10
2026-06-11,금,S30318,오진율,과학,3,3,86,37,26,3,1,0,2,노트북,14:32,15:47
2026-06-11,금,S30319,남유원,과학,3,3,54,33,37,0,1,0,0,태블릿,08:16,11:38
2026-06-11,금,S30321,유선희,과학,2,3,57,32,71,2,0,0,3,스마트폰,10:42,12:22
2026-06-11,금,S30323,오진은,과학,2,3,24,16,37,3,0,0,2,스마트폰,11:13,13:12
2026-06-11,금,S30324,배서경,과학,2,3,88,35,51,2,3,3,0,태블릿,17:00,20:39
2026-06-11,금,S30326,유진민,과학,3,3,61,19,98,0,3,0,0,노트북,22:55,23:43
2026-06-12,토,S30304,전시준,과학,2,2,68,41,79,3,0,0,2,데스크톱,09:14,11:48
2026-06-12,토,S30305,송연희,과학,2,2,68,23,36,4,3,0,2,크롬북,14:58,17:58
2026-06-12,토,S30306,강하은,과학,2,2,90,59,91,0,1,0,0,태블릿,18:18,19:26
2026-06-12,토,S30307,김성희,과학,1,1,62,29,87,1,1,2,0,데스크톱,12:54,13:19
2026-06-12,토,S30310,허혜율,과학,1,1,85,55,59,0,1,0,1,태블릿,11:22,14:04
2026-06-12,토,S30313,신하윤,과학,3,3,134,84,66,0,2,0,0,태블릿,10:03,11:18
2026-06-12,토,S30320,조선우,과학,1,1,51,16,42,2,0,0,3,스마트폰,21:00,23:40
2026-06-13,일,S30306,강하은,과학,1,1,90,43,61,3,3,0,2,태블릿,09:22,12:32
2026-06-13,일,S30312,유선민,과학,2,3,86,32,85,0,2,0,3,태블릿,22:08,23:38
2026-06-13,일,S30318,오진율,과학,1,2,71,32,59,3,3,0,1,태블릿,16:25,19:59
2026-06-13,일,S30320,조선우,과학,3,3,72,23,65,2,3,0,0,스마트폰,12:12,14:06
2026-06-13,일,S30324,배서경,과학,2,3,116,69,90,4,1,0,0,노트북,17:28,18:52
2026-06-13,일,S30325,양혁율,과학,1,1,79,38,69,2,3,0,3,태블릿,09:24,09:58
2026-06-14,월,S30301,신도미,과학,1,1,75,40,63,2,1,3,3,데스크톱,21:07,22:14
2026-06-14,월,S30302,강도민,과학,2,3,102,46,62,2,1,0,1,데스크톱,14:56,17:24
2026-06-14,월,S30303,서준미,과학,2,2,87,53,74,3,1,1,3,태블릿,13:01,14:31
2026-06-14,월,S30304,전시준,과학,3,3,97,49,72,2,0,0,0,태블릿,08:47,10:40
2026-06-14,월,S30306,강하은,과학,1,1,104,32,61,4,2,1,0,크롬북,13:02,14:14
2026-06-14,월,S30307,김성희,과학,3,3,91,27,74,1,1,0,0,스마트폰,10:44,12:15
2026-06-14,월,S30309,안지경,과학,1,1,72,43,53,4,0,0,0,크롬북,08:02,08:42
2026-06-14,월,S30310,허혜율,과학,2,2,76,27,43,2,0,0,0,노트북,11:41,11:43
2026-06-14,월,S30312,유선민,과학,2,2,100,60,34,1,3,0,3,노트북,12:55,14:12
2026-06-14,월,S30313,신하윤,과학,2,2,58,29,45,4,3,0,0,태블릿,12:44,14:29
2026-06-14,월,S30314,장진지,과학,3,3,86,42,79,0,0,3,0,데스크톱,20:32,22:18
2026-06-14,월,S30315,박시호,과학,1,1,66,36,79,3,0,1,2,크롬북,18:00,19:35
2026-06-14,월,S30316,서시은,과학,3,3,63,36,52,0,3,0,0,태블릿,20:12,23:03
2026-06-14,월,S30317,손은호,과학,3,4,86,49,43,1,0,3,0,태블릿,14:16,15:04
2026-06-14,월,S30318,오진율,과학,1,1,102,38,75,1,2,0,2,크롬북,14:17,15:18
2026-06-14,월,S30322,허주현,과학,1,1,46,20,71,1,1,0,3,태블릿,15:56,17:16
2026-06-14,월,S30323,오진은,과학,2,3,80,31,41,4,2,0,0,데스크톱,19:16,21:04
2026-06-14,월,S30324,배서경,과학,3,3,73,27,38,0,3,0,0,스마트폰,09:00,12:24
2026-06-14,월,S30325,양혁율,과학,1,1,75,46,65,1,3,3,1,태블릿,09:05,12:13
2026-06-14,월,S30326,유진민,과학,1,2,90,28,38,0,1,0,1,스마트폰,12:43,15:13
2026-06-15,화,S30301,신도미,과학,2,2,81,34,55,4,1,0,0,크롬북,21:36,22:14
2026-06-15,화,S30302,강도민,과학,1,1,55,30,89,0,0,2,2,노트북,22:54,23:44
2026-06-15,화,S30303,서준미,과학,2,2,87,27,73,1,2,3,0,스마트폰,10:09,13:46
2026-06-15,화,S30304,전시준,과학,1,1,54,23,77,2,3,3,0,태블릿,21:30,23:08
2026-06-15,화,S30305,송연희,과학,3,4,86,40,33,3,3,0,0,태블릿,14:37,16:36
2026-06-15,화,S30306,강하은,과학,1,1,130,47,69,2,0,1,0,노트북,11:11,14:07
2026-06-15,화,S30307,김성희,과학,2,2,100,60,95,4,3,0,1,노트북,09:45,11:12
2026-06-15,화,S30308,안하연,과학,3,4,103,35,79,0,3,0,0,데스크톱,09:37,10:45
2026-06-15,화,S30309,안지경,과학,1,2,42,29,67,0,0,0,0,데스크톱,16:18,19:37
2026-06-15,화,S30310,허혜율,과학,1,1,91,48,50,1,1,0,0,데스크톱,14:33,14:46
2026-06-15,화,S30311,강하수,과학,2,2,87,45,33,2,1,0,1,노트북,18:10,21:14
2026-06-15,화,S30312,유선민,과학,1,1,102,31,78,3,2,0,0,스마트폰,17:46,20:52
2026-06-15,화,S30313,신하윤,과학,3,3,81,27,45,1,2,0,0,태블릿,17:53,17:29
2026-06-15,화,S30315,박시호,과학,1,2,45,18,42,3,2,0,0,노트북,12:37,12:16
2026-06-15,화,S30316,서시은,과학,3,3,50,24,68,0,1,1,0,데스크톱,16:47,17:24
2026-06-15,화,S30318,오진율,과학,1,1,54,37,44,2,3,0,0,크롬북,13:23,16:44
2026-06-15,화,S30321,유선희,과학,3,3,63,29,70,1,0,0,1,태블릿,19:04,19:17
2026-06-15,화,S30322,허주현,과학,2,2,88,58,60,0,2,3,0,스마트폰,11:17,11:51
2026-06-15,화,S30323,오진은,과학,3,3,57,26,44,1,2,0,0,스마트폰,14:46,16:37
2026-06-15,화,S30324,배서경,과학,3,3,91,58,73,0,0,0,0,태블릿,11:41,13:19
2026-06-16,수,S30301,신도미,과학,1,1,109,36,55,4,0,0,0,데스크톱,19:44,19:01
2026-06-16,수,S30302,강도민,과학,2,3,101,50,72,1,0,0,0,태블릿,12:48,14:18
2026-06-16,수,S30303,서준미,과학,3,3,86,38,63,2,2,0,3,데스크톱,11:39,13:43
2026-06-16,수,S30304,전시준,과학,1,1,101,62,27,3,1,0,0,태블릿,16:20,18:02
2026-06-16,수,S30305,송연희,과학,1,2,79,50,69,0,3,0,0,크롬북,13:54,16:54
2026-06-16,수,S30306,강하은,과학,2,3,121,71,74,4,1,3,0,스마트폰,13:16,16:21
2026-06-16,수,S30307,김성희,과학,1,1,96,66,66,0,1,0,0,태블릿,12:56,15:52
2026-06-16,수,S30309,안지경,과학,2,3,101,69,69,1,1,0,0,태블릿,09:56,09:49
2026-06-16,수,S30310,허혜율,과학,3,3,95,33,70,4,0,0,0,태블릿,20:02,20:30
2026-06-16,수,S30311,강하수,과학,1,2,83,40,58,3,0,1,0,스마트폰,13:53,13:29
2026-06-16,수,S30312,유선민,과학,3,3,53,34,95,0,2,0,0,크롬북,19:00,20:43
2026-06-16,수,S30313,신하윤,과학,3,4,49,26,61,0,0,0,2,스마트폰,16:58,19:06
2026-06-16,수,S30314,장진지,과학,2,2,71,37,59,1,1,3,1,스마트폰,13:00,13:46
2026-06-16,수,S30316,서시은,과학,3,4,71,44,64,2,2,0,0,태블릿,12:29,15:17
2026-06-16,수,S30318,오진율,과학,2,2,106,57,80,2,2,0,0,태블릿,18:16,19:11
2026-06-16,수,S30320,조선우,과학,3,3,96,60,80,1,3,0,3,스마트폰,20:17,23:30
2026-06-16,수,S30321,유선희,과학,3,4,52,32,96,1,0,0,0,데스크톱,17:51,19:24
2026-06-16,수,S30323,오진은,과학,3,4,86,55,36,1,3,2,0,태블릿,21:29,23:57
2026-06-16,수,S30324,배서경,과학,1,1,89,43,69,2,3,0,2,데스크톱,19:08,21:25
2026-06-16,수,S30326,유진민,과학,1,1,63,36,75,0,3,0,0,크롬북,16:23,19:26
2026-06-17,목,S30302,강도민,과학,3,3,78,42,92,0,2,0,1,데스크톱,18:18,19:15
2026-06-17,목,S30303,서준미,과학,1,2,98,36,76,3,2,0,0,태블릿,16:25,17:05
2026-06-17,목,S30304,전시준,과학,2,2,79,40,54,1,1,1,0,노트북,10:07,10:54
2026-06-17,목,S30306,강하은,과학,1,2,110,54,48,3,3,0,1,크롬북,09:28,11:07
2026-06-17,목,S30307,김성희,과학,2,3,128,54,66,0,0,3,1,스마트폰,14:59,14:11
2026-06-17,목,S30309,안지경,과학,1,1,81,29,61,2,2,0,0,스마트폰,21:25,23:22
2026-06-17,목,S30310,허혜율,과학,3,4,74,46,28,1,3,0,0,데스크톱,20:59,20:29
2026-06-17,목,S30313,신하윤,과학,1,1,127,82,60,3,3,0,0,태블릿,17:15,19:42
2026-06-17,목,S30314,장진지,과학,2,2,70,21,72,1,3,0,0,크롬북,15:48,15:56
2026-06-17,목,S30315,박시호,과학,3,3,76,43,65,2,1,0,0,크롬북,21:15,23:20
2026-06-17,목,S30316,서시은,과학,1,1,56,25,58,3,2,0,0,데스크톱,11:53,14:49
2026-06-17,목,S30317,손은호,과학,3,4,55,32,72,3,2,0,0,크롬북,12:28,13:30
2026-06-17,목,S30318,오진율,과학,1,2,81,24,24,4,3,1,0,크롬북,09:20,09:06
2026-06-17,목,S30320,조선우,과학,3,3,88,58,57,2,3,0,1,노트북,12:00,15:16
2026-06-17,목,S30321,유선희,과학,1,1,78,47,78,0,3,0,0,태블릿,16:57,19:51
2026-06-17,목,S30324,배서경,과학,2,2,99,53,89,3,0,0,0,크롬북,09:16,10:19
2026-06-17,목,S30325,양혁율,과학,1,1,98,65,89,1,2,0,3,크롬북,15:10,15:17
2026-06-18,금,S30301,신도미,과학,2,2,91,49,61,3,3,2,0,데스크톱,16:01,16:53
2026-06-18,금,S30302,강도민,과학,3,3,79,36,66,1,2,2,3,크롬북,20:40,22:51
2026-06-18,금,S30303,서준미,과학,1,2,74,44,72,4,0,0,2,데스크톱,09:34,12:55
2026-06-18,금,S30304,전시준,과학,1,1,101,31,80,3,3,0,0,태블릿,20:15,20:37
2026-06-18,금,S30305,송연희,과학,1,2,64,21,26,3,0,0,0,크롬북,13:01,16:08
2026-06-18,금,S30306,강하은,과학,1,2,100,59,80,3,1,0,0,스마트폰,19:23,20:30
2026-06-18,금,S30307,김성희,과학,3,3,103,61,75,5,2,0,0,노트북,18:44,19:09
2026-06-18,금,S30309,안지경,과학,1,1,51,34,75,0,0,0,0,태블릿,22:27,23:45
2026-06-18,금,S30310,허혜율,과학,3,3,90,35,37,2,2,0,0,스마트폰,18:22,20:26
2026-06-18,금,S30311,강하수,과학,3,3,74,30,33,0,3,1,1,태블릿,22:01,22:35
2026-06-18,금,S30312,유선민,과학,1,1,50,24,62,2,0,0,2,크롬북,21:43,22:56
2026-06-18,금,S30313,신하윤,과학,2,2,98,50,59,4,3,1,0,데스크톱,10:03,10:11
2026-06-18,금,S30314,장진지,과학,1,2,75,52,86,2,3,0,0,태블릿,18:36,19:54
2026-06-18,금,S30316,서시은,과학,1,2,30,13,54,2,3,0,0,스마트폰,13:51,15:05
2026-06-18,금,S30317,손은호,과학,1,1,55,18,38,0,3,0,0,스마트폰,20:19,23:11
2026-06-18,금,S30318,오진율,과학,2,2,64,43,65,4,2,0,0,태블릿,19:49,20:40
2026-06-18,금,S30319,남유원,과학,3,3,64,37,52,0,2,0,3,태블릿,12:45,15:48
2026-06-18,금,S30322,허주현,과학,1,1,65,40,67,2,1,0,0,데스크톱,08:22,10:42
2026-06-18,금,S30324,배서경,과학,3,3,83,39,74,0,0,1,3,노트북,10:35,11:29
2026-06-18,금,S30325,양혁율,과학,3,4,71,33,54,0,0,0,0,크롬북,11:56,12:05
2026-06-18,금,S30326,유진민,과학,2,2,94,62,85,1,1,1,2,데스크톱,10:24,11:16
2026-06-19,토,S30303,서준미,과학,2,2,82,50,72,2,3,1,0,태블릿,10:37,11:55
2026-06-19,토,S30308,안하연,과학,2,2,98,30,70,2,3,0,0,스마트폰,22:56,23:10
2026-06-19,토,S30309,안지경,과학,3,3,86,28,60,1,1,1,3,태블릿,08:09,09:17
2026-06-19,토,S30310,허혜율,과학,2,2,138,91,25,0,1,0,0,크롬북,19:29,22:15
2026-06-19,토,S30311,강하수,과학,3,3,47,16,88,3,0,3,3,노트북,08:28,09:00
2026-06-19,토,S30319,남유원,과학,3,3,75,31,35,0,2,0,0,태블릿,16:18,19:08
2026-06-20,일,S30301,신도미,과학,2,3,83,41,60,3,1,0,0,스마트폰,17:56,18:28
2026-06-20,일,S30302,강도민,과학,3,3,102,50,38,3,3,0,0,스마트폰,13:31,15:15
2026-06-20,일,S30308,안하연,과학,2,2,74,33,60,0,1,1,0,데스크톱,14:25,16:14
2026-06-20,일,S30312,유선민,과학,1,1,57,22,70,3,1,1,0,크롬북,19:34,19:48
2026-06-20,일,S30316,서시은,과학,1,1,79,53,79,3,3,0,0,태블릿,15:16,18:40
2026-06-20,일,S30317,손은호,과학,3,3,82,53,43,2,1,2,0,태블릿,15:44,16:40
2026-06-20,일,S30320,조선우,과학,2,2,92,40,62,3,3,0,0,태블릿,17:51,17:46
2026-06-20,일,S30322,허주현,과학,1,2,111,40,51,0,0,0,0,태블릿,13:13,16:00
2026-06-20,일,S30325,양혁율,과학,2,3,110,55,61,2,3,0,3,태블릿,12:45,15:23
2026-06-21,월,S30301,신도미,과학,2,2,90,53,79,1,0,1,3,노트북,12:24,15:40
2026-06-21,월,S30302,강도민,과학,1,1,60,24,79,2,2,0,3,스마트폰,17:34,20:57
2026-06-21,월,S30303,서준미,과학,1,1,48,30,93,2,0,0,0,노트북,17:47,18:15
2026-06-21,월,S30304,전시준,과학,1,1,47,27,57,3,3,0,0,스마트폰,18:40,21:59
2026-06-21,월,S30305,송연희,과학,1,1,75,35,66,4,1,3,0,태블릿,20:59,22:47
2026-06-21,월,S30306,강하은,과학,3,3,63,43,89,5,2,0,0,크롬북,08:10,10:33
2026-06-21,월,S30307,김성희,과학,2,2,87,58,59,5,0,3,2,태블릿,19:17,20:30
2026-06-21,월,S30308,안하연,과학,2,2,79,33,70,0,0,0,0,스마트폰,22:44,23:28
2026-06-21,월,S30309,안지경,과학,3,3,103,43,48,0,1,0,3,크롬북,21:12,22:20
2026-06-21,월,S30310,허혜율,과학,1,1,108,53,56,0,3,0,0,스마트폰,14:43,14:53
2026-06-21,월,S30311,강하수,과학,2,2,90,45,80,2,0,0,0,태블릿,19:07,19:41
2026-06-21,월,S30313,신하윤,과학,2,3,95,59,59,4,3,0,0,스마트폰,10:01,13:31
2026-06-21,월,S30314,장진지,과학,1,1,66,28,100,2,0,0,0,노트북,15:12,15:08
2026-06-21,월,S30316,서시은,과학,3,4,72,28,70,1,1,0,0,태블릿,13:43,16:40
2026-06-21,월,S30317,손은호,과학,3,3,59,39,29,3,1,0,0,노트북,17:04,20:33
2026-06-21,월,S30318,오진율,과학,2,3,90,60,35,3,3,0,0,노트북,13:18,16:02
2026-06-21,월,S30320,조선우,과학,1,1,58,26,55,0,2,0,1,데스크톱,12:58,12:27
2026-06-21,월,S30321,유선희,과학,2,2,94,61,70,1,0,0,1,태블릿,10:42,13:57
2026-06-21,월,S30322,허주현,과학,2,2,55,32,83,0,0,0,0,스마트폰,12:56,15:19
2026-06-21,월,S30323,오진은,과학,3,4,74,46,70,2,1,1,2,노트북,10:20,13:18
2026-06-21,월,S30324,배서경,과학,3,3,48,23,35,4,2,2,0,스마트폰,12:43,15:27
2026-06-21,월,S30325,양혁율,과학,3,3,43,26,64,0,3,0,2,태블릿,10:27,10:52
2026-06-21,월,S30326,유진민,과학,2,2,67,41,34,2,1,0,0,크롬북,08:30,08:52
2026-06-22,화,S30301,신도미,과학,1,1,56,37,87,2,0,0,0,데스크톱,17:44,20:46
2026-06-22,화,S30303,서준미,과학,2,3,106,34,48,4,1,0,1,스마트폰,21:59,23:07
2026-06-22,화,S30304,전시준,과학,1,1,86,32,64,3,1,0,0,태블릿,18:41,18:50
2026-06-22,화,S30305,송연희,과학,2,2,76,42,45,3,1,0,0,노트북,15:07,18:42
2026-06-22,화,S30306,강하은,과학,2,2,103,53,78,1,0,2,2,데스크톱,16:32,17:28
2026-06-22,화,S30307,김성희,과학,1,2,101,46,73,1,0,0,3,데스크톱,17:07,17:00
2026-06-22,화,S30310,허혜율,과학,1,2,118,44,54,3,1,0,2,데스크톱,15:43,18:20
2026-06-22,화,S30311,강하수,과학,1,2,77,35,61,0,1,0,1,태블릿,09:23,09:18
2026-06-22,화,S30312,유선민,과학,1,2,84,29,73,0,2,0,0,크롬북,14:26,16:10
2026-06-22,화,S30314,장진지,과학,1,1,86,36,62,3,1,0,1,태블릿,17:40,20:28
2026-06-22,화,S30315,박시호,과학,1,1,57,19,35,3,0,0,3,태블릿,20:26,20:42
2026-06-22,화,S30317,손은호,과학,3,3,101,57,29,3,3,0,0,데스크톱,19:59,21:38
2026-06-22,화,S30318,오진율,과학,3,4,83,53,55,0,1,0,1,데스크톱,19:49,19:40
2026-06-22,화,S30319,남유원,과학,3,3,50,22,81,0,3,0,1,노트북,10:06,12:55
2026-06-22,화,S30320,조선우,과학,1,2,55,36,52,2,3,0,0,크롬북,19:39,19:17
2026-06-22,화,S30322,허주현,과학,2,3,50,30,56,2,2,0,3,태블릿,20:12,22:34
2026-06-22,화,S30323,오진은,과학,3,4,68,43,40,4,2,0,2,노트북,10:09,12:15
2026-06-22,화,S30324,배서경,과학,3,3,91,27,36,1,1,0,0,스마트폰,10:10,13:10
2026-06-22,화,S30325,양혁율,과학,1,1,57,35,82,3,2,0,0,데스크톱,17:19,17:02
2026-06-22,화,S30326,유진민,과학,3,3,85,49,44,1,0,0,0,데스크톱,08:05,09:00
2026-06-23,수,S30301,신도미,과학,3,3,55,27,51,3,0,2,2,스마트폰,19:13,20:54
2026-06-23,수,S30302,강도민,과학,2,3,86,59,52,1,0,0,1,크롬북,20:08,22:51
2026-06-23,수,S30303,서준미,과학,3,4,103,50,64,1,3,0,1,노트북,16:21,17:10
2026-06-23,수,S30304,전시준,과학,1,2,87,40,50,0,2,0,3,크롬북,13:47,13:03
2026-06-23,수,S30305,송연희,과학,1,1,84,32,35,0,0,0,0,크롬북,17:53,20:42
2026-06-23,수,S30306,강하은,과학,2,3,89,58,61,2,1,0,2,스마트폰,19:42,21:13
2026-06-23,수,S30307,김성희,과학,1,2,75,45,73,5,0,3,0,노트북,12:44,14:11
2026-06-23,수,S30309,안지경,과학,3,3,77,52,58,1,2,0,0,노트북,11:28,13:40
2026-06-23,수,S30310,허혜율,과학,2,3,71,32,48,1,3,0,1,크롬북,19:07,21:45
2026-06-23,수,S30311,강하수,과학,3,3,80,25,50,3,0,0,1,노트북,16:30,16:07
2026-06-23,수,S30312,유선민,과학,3,3,87,56,54,0,3,0,1,태블릿,15:22,15:05
2026-06-23,수,S30313,신하윤,과학,3,3,77,47,58,1,2,2,0,노트북,12:17,14:32
2026-06-23,수,S30314,장진지,과학,2,3,62,19,82,0,2,2,0,크롬북,15:39,15:58
2026-06-23,수,S30315,박시호,과학,1,1,85,37,73,1,0,0,0,크롬북,09:59,10:36
2026-06-23,수,S30318,오진율,과학,2,2,75,47,86,4,3,2,3,데스크톱,19:54,22:07
2026-06-23,수,S30319,남유원,과학,1,1,63,33,52,0,1,0,0,크롬북,08:19,09:18
2026-06-23,수,S30320,조선우,과학,3,3,79,51,68,1,0,0,0,노트북,21:29,22:10
2026-06-23,수,S30321,유선희,과학,2,2,87,35,63,2,1,3,0,태블릿,16:06,17:07
2026-06-23,수,S30322,허주현,과학,2,2,87,58,57,1,3,2,3,스마트폰,20:25,23:00
2026-06-23,수,S30323,오진은,과학,3,3,77,39,49,4,2,0,0,데스크톱,20:10,22:44
2026-06-23,수,S30324,배서경,과학,3,3,72,44,60,4,1,1,0,노트북,22:38,22:24
2026-06-23,수,S30325,양혁율,과학,3,3,76,40,74,2,1,0,0,스마트폰,17:21,18:12
2026-06-23,수,S30326,유진민,과학,3,3,50,35,61,2,1,1,0,태블릿,12:15,15:50
2026-06-24,목,S30301,신도미,과학,3,3,72,22,54,0,0,0,0,크롬북,10:49,11:45
2026-06-24,목,S30303,서준미,과학,1,1,83,38,79,4,2,1,0,노트북,19:44,21:46
2026-06-24,목,S30305,송연희,과학,1,2,90,58,42,5,3,0,0,크롬북,21:58,23:33
2026-06-24,목,S30307,김성희,과학,2,2,115,72,75,5,2,0,0,데스크톱,14:06,17:47
2026-06-24,목,S30308,안하연,과학,1,1,115,54,100,1,0,0,3,노트북,13:03,15:32
2026-06-24,목,S30310,허혜율,과학,2,2,82,30,62,0,1,2,3,데스크톱,09:19,10:12
2026-06-24,목,S30311,강하수,과학,1,1,63,36,75,0,0,0,1,태블릿,16:28,16:36
2026-06-24,목,S30312,유선민,과학,2,2,60,26,83,3,1,0,1,태블릿,14:38,14:07
2026-06-24,목,S30314,장진지,과학,3,4,112,67,63,1,2,0,2,크롬북,08:37,11:59
2026-06-24,목,S30315,박시호,과학,2,2,102,40,59,2,0,0,3,태블릿,11:55,13:45
2026-06-24,목,S30316,서시은,과학,3,4,54,28,80,1,0,0,0,크롬북,12:13,13:02
2026-06-24,목,S30317,손은호,과학,1,1,124,40,42,3,2,0,0,크롬북,11:31,12:16
2026-06-24,목,S30318,오진율,과학,2,3,71,38,48,0,1,0,0,크롬북,15:32,16:07
2026-06-24,목,S30319,남유원,과학,2,2,72,32,91,0,1,0,0,노트북,21:08,23:16
2026-06-24,목,S30320,조선우,과학,3,4,84,51,79,1,3,0,0,태블릿,16:54,16:31
2026-06-24,목,S30321,유선희,과학,1,2,64,40,85,2,2,0,0,스마트폰,11:39,12:05
2026-06-24,목,S30323,오진은,과학,2,2,82,26,37,4,2,0,0,데스크톱,18:24,18:07
2026-06-24,목,S30324,배서경,과학,3,4,95,52,58,0,3,1,0,스마트폰,15:19,15:39
2026-06-24,목,S30325,양혁율,과학,2,2,87,34,45,2,3,1,0,크롬북,17:54,18:25
2026-06-25,금,S30301,신도미,과학,2,2,76,38,56,1,3,0,0,스마트폰,22:14,23:06
2026-06-25,금,S30305,송연희,과학,2,2,87,54,58,4,3,1,2,노트북,18:27,19:35
2026-06-25,금,S30306,강하은,과학,1,1,84,52,53,0,2,0,3,크롬북,17:10,18:12
2026-06-25,금,S30307,김성희,과학,3,3,92,51,100,5,3,0,3,스마트폰,16:46,18:44
2026-06-25,금,S30308,안하연,과학,1,1,60,32,84,0,2,0,1,노트북,18:36,19:51
2026-06-25,금,S30309,안지경,과학,1,1,92,41,66,0,0,0,1,태블릿,13:36,13:51
2026-06-25,금,S30310,허혜율,과학,2,3,90,57,41,0,1,2,0,노트북,12:36,12:38
2026-06-25,금,S30311,강하수,과학,1,1,73,29,38,1,1,0,0,노트북,14:40,17:17
2026-06-25,금,S30313,신하윤,과학,2,3,125,57,44,3,0,3,0,스마트폰,12:46,14:51
2026-06-25,금,S30315,박시호,과학,3,4,63,21,54,0,0,0,0,태블릿,20:30,21:08
2026-06-25,금,S30319,남유원,과학,3,4,37,19,32,2,2,0,0,노트북,10:42,11:46
2026-06-25,금,S30321,유선희,과학,1,1,55,22,76,2,1,0,0,데스크톱,11:23,11:23
2026-06-25,금,S30322,허주현,과학,3,4,33,22,66,1,2,1,0,노트북,19:35,21:36
2026-06-25,금,S30323,오진은,과학,3,3,68,28,64,0,3,0,0,태블릿,21:11,21:52
2026-06-25,금,S30324,배서경,과학,2,3,84,56,52,4,0,0,3,크롬북,22:04,23:13
2026-06-25,금,S30325,양혁율,과학,2,2,87,41,62,1,1,3,0,스마트폰,20:13,20:07
2026-06-25,금,S30326,유진민,과학,1,1,63,35,55,0,2,2,0,스마트폰,12:52,13:10
2026-06-26,토,S30304,전시준,과학,2,2,104,54,77,3,2,0,0,스마트폰,15:43,18:56
2026-06-26,토,S30305,송연희,과학,1,2,119,61,48,4,3,1,1,스마트폰,10:36,12:56
2026-06-26,토,S30309,안지경,과학,1,1,81,38,40,2,3,0,0,노트북,11:03,11:23
2026-06-26,토,S30310,허혜율,과학,1,1,98,45,71,3,1,0,1,스마트폰,22:39,23:53
2026-06-26,토,S30312,유선민,과학,1,2,58,28,68,1,1,0,0,크롬북,17:25,19:37
2026-06-26,토,S30321,유선희,과학,3,3,55,21,100,1,3,0,2,스마트폰,20:03,20:32
2026-06-26,토,S30325,양혁율,과학,3,4,74,45,72,2,2,0,3,노트북,12:32,14:01
2026-06-27,일,S30301,신도미,과학,1,1,93,59,51,3,2,0,0,데스크톱,15:54,17:50
2026-06-27,일,S30303,서준미,과학,3,3,72,40,79,3,2,0,0,스마트폰,12:26,15:56
2026-06-27,일,S30306,강하은,과학,1,2,125,61,71,5,0,2,2,노트북,22:34,23:56
2026-06-27,일,S30309,안지경,과학,3,3,64,24,73,0,2,2,3,태블릿,17:41,19:58
2026-06-27,일,S30312,유선민,과학,1,2,73,24,68,1,0,0,0,스마트폰,09:29,12:40
2026-06-27,일,S30318,오진율,과학,3,3,106,43,63,0,3,2,0,노트북,18:05,19:36
2026-06-27,일,S30319,남유원,과학,2,2,79,26,73,2,2,0,0,태블릿,11:50,14:50
2026-06-28,월,S30301,신도미,과학,2,2,88,58,55,4,0,1,0,태블릿,14:04,16:57
2026-06-28,월,S30302,강도민,과학,2,2,77,31,86,1,2,0,1,태블릿,13:18,15:26
2026-06-28,월,S30303,서준미,과학,2,2,65,37,76,2,0,0,3,태블릿,13:15,16:40
2026-06-28,월,S30305,송연희,과학,3,4,64,22,68,2,0,1,0,데스크톱,22:57,23:30
2026-06-28,월,S30307,김성희,과학,3,3,95,41,100,1,3,0,0,노트북,17:47,19:44
2026-06-28,월,S30308,안하연,과학,1,2,98,60,66,1,2,0,1,크롬북,21:05,23:11
2026-06-28,월,S30309,안지경,과학,1,1,72,43,44,3,3,0,0,크롬북,15:41,15:50
2026-06-28,월,S30310,허혜율,과학,1,2,84,51,45,4,2,0,0,노트북,10:17,11:28
2026-06-28,월,S30313,신하윤,과학,1,1,96,65,69,1,2,0,1,데스크톱,14:27,14:08
2026-06-28,월,S30314,장진지,과학,2,3,107,34,65,0,1,0,0,태블릿,09:49,11:13
2026-06-28,월,S30318,오진율,과학,3,3,55,26,50,4,0,0,2,데스크톱,15:59,18:18
2026-06-28,월,S30320,조선우,과학,1,1,62,29,51,1,0,0,0,노트북,19:14,22:37
2026-06-28,월,S30321,유선희,과학,3,3,72,45,70,1,0,1,0,노트북,22:09,22:16
2026-06-28,월,S30322,허주현,과학,3,3,58,17,53,0,3,0,0,스마트폰,15:10,16:37
2026-06-28,월,S30323,오진은,과학,2,3,81,36,43,3,2,0,0,스마트폰,14:10,15:19
2026-06-28,월,S30324,배서경,과학,2,2,84,43,90,4,3,0,0,노트북,11:35,12:45
2026-06-28,월,S30325,양혁율,과학,2,2,76,27,77,0,3,2,3,스마트폰,12:48,15:10
2026-06-29,화,S30302,강도민,과학,1,1,48,25,58,1,1,3,2,데스크톱,12:25,15:48
2026-06-29,화,S30304,전시준,과학,2,2,83,34,65,3,3,0,0,스마트폰,22:20,22:00
2026-06-29,화,S30306,강하은,과학,3,3,97,63,33,2,2,0,0,노트북,17:32,17:22
2026-06-29,화,S30307,김성희,과학,1,1,89,42,53,4,3,0,3,스마트폰,17:55,19:57
2026-06-29,화,S30308,안하연,과학,1,2,62,28,71,0,2,0,0,태블릿,14:43,17:15
2026-06-29,화,S30309,안지경,과학,3,3,51,28,80,3,0,1,3,데스크톱,10:26,10:44
2026-06-29,화,S30310,허혜율,과학,2,3,95,32,36,2,3,0,0,스마트폰,12:09,13:31
2026-06-29,화,S30311,강하수,과학,3,4,69,36,86,2,1,0,0,노트북,09:32,11:48
2026-06-29,화,S30312,유선민,과학,1,1,75,32,72,2,0,0,3,노트북,12:55,14:14
2026-06-29,화,S30313,신하윤,과학,3,3,112,48,53,4,0,0,0,크롬북,12:00,13:01
2026-06-29,화,S30314,장진지,과학,1,2,72,49,54,0,3,3,0,노트북,08:34,08:36
2026-06-29,화,S30316,서시은,과학,1,1,98,62,57,3,0,0,3,노트북,16:09,17:23
2026-06-29,화,S30317,손은호,과학,2,3,92,52,56,2,3,0,0,스마트폰,13:45,15:24
2026-06-29,화,S30318,오진율,과학,3,3,55,33,70,0,2,0,1,노트북,11:33,11:20
2026-06-29,화,S30321,유선희,과학,1,1,80,47,95,2,0,0,0,데스크톱,17:02,18:20
2026-06-29,화,S30322,허주현,과학,1,1,70,48,54,1,2,0,0,데스크톱,21:34,23:15
2026-06-29,화,S30324,배서경,과학,3,3,100,60,50,2,1,2,0,스마트폰,19:20,19:32
2026-06-29,화,S30325,양혁율,과학,1,2,93,52,72,1,1,3,0,크롬북,19:36,20:46
2026-06-30,수,S30301,신도미,과학,1,1,61,33,55,1,3,0,0,태블릿,17:52,20:48
2026-06-30,수,S30302,강도민,과학,2,2,69,34,91,3,3,0,2,노트북,19:08,20:03
2026-06-30,수,S30303,서준미,과학,1,1,113,53,58,3,3,2,0,노트북,09:03,09:55
2026-06-30,수,S30305,송연희,과학,3,3,88,38,45,0,2,0,1,스마트폰,12:12,14:03
2026-06-30,수,S30306,강하은,과학,1,1,54,18,65,5,3,0,2,데스크톱,08:00,11:57
2026-06-30,수,S30308,안하연,과학,3,3,76,23,83,3,0,2,0,데스크톱,10:50,11:36
2026-06-30,수,S30309,안지경,과학,2,2,78,37,51,3,2,0,0,데스크톱,18:35,21:39
2026-06-30,수,S30310,허혜율,과학,1,1,91,42,55,4,1,0,0,스마트폰,12:58,15:56
2026-06-30,수,S30311,강하수,과학,2,2,39,14,57,0,2,0,2,태블릿,13:57,15:37
2026-06-30,수,S30314,장진지,과학,1,1,87,44,86,0,1,0,2,노트북,12:30,12:46
2026-06-30,수,S30315,박시호,과학,1,1,76,26,62,1,0,0,0,스마트폰,11:47,13:47
2026-06-30,수,S30317,손은호,과학,2,2,66,36,48,4,1,2,0,노트북,12:01,15:39
2026-06-30,수,S30318,오진율,과학,3,3,62,31,83,1,0,0,2,스마트폰,16:52,19:25
2026-06-30,수,S30319,남유원,과학,1,1,116,79,36,0,3,0,0,노트북,08:41,11:59
2026-06-30,수,S30321,유선희,과학,1,1,80,52,65,1,1,0,0,노트북,19:22,21:31
2026-06-30,수,S30323,오진은,과학,2,3,67,35,64,0,1,0,3,태블릿,08:00,09:43
2026-06-30,수,S30324,배서경,과학,2,2,78,45,37,0,3,0,0,노트북,12:01,12:50
2026-06-30,수,S30325,양혁율,과학,1,2,63,42,41,3,0,0,0,노트북,22:19,23:31
2026-06-30,수,S30326,유진민,과학,1,2,76,43,72,2,3,0,0,크롬북,19:58,19:13
2026-07-01,목,S30301,신도미,과학,3,3,57,21,55,2,0,0,0,노트북,09:45,10:30
2026-07-01,목,S30302,강도민,과학,1,1,77,42,77,3,2,2,1,크롬북,10:09,12:15
2026-07-01,목,S30303,서준미,과학,3,4,107,59,55,0,1,0,2,데스크톱,09:18,09:17
2026-07-01,목,S30305,송연희,과학,2,2,64,24,41,4,3,0,0,크롬북,19:02,19:09
2026-07-01,목,S30306,강하은,과학,2,3,104,43,80,1,3,3,2,노트북,17:14,18:24
2026-07-01,목,S30307,김성희,과학,1,1,84,32,71,1,1,0,2,크롬북,15:55,16:36
2026-07-01,목,S30309,안지경,과학,1,1,70,29,59,0,2,0,0,노트북,10:13,10:10
2026-07-01,목,S30310,허혜율,과학,1,1,77,28,57,1,1,0,1,크롬북,14:49,14:34
2026-07-01,목,S30311,강하수,과학,1,1,70,39,70,1,1,0,0,노트북,10:35,11:54
2026-07-01,목,S30313,신하윤,과학,3,3,99,53,48,0,1,3,0,태블릿,13:41,14:12
2026-07-01,목,S30315,박시호,과학,2,3,77,46,66,3,1,1,2,크롬북,17:11,20:01
2026-07-01,목,S30317,손은호,과학,1,1,104,39,54,4,3,1,0,태블릿,18:49,18:33
2026-07-01,목,S30318,오진율,과학,1,1,77,39,81,3,3,1,0,노트북,09:11,09:20
2026-07-01,목,S30319,남유원,과학,3,3,60,26,52,0,0,0,0,태블릿,14:26,17:36
2026-07-01,목,S30322,허주현,과학,1,1,80,40,75,0,3,3,0,크롬북,18:59,21:38
2026-07-01,목,S30323,오진은,과학,2,2,75,26,78,2,2,0,0,노트북,12:16,14:24
2026-07-01,목,S30324,배서경,과학,2,2,104,52,60,0,1,0,2,크롬북,13:46,15:56
2026-07-01,목,S30325,양혁율,과학,1,1,95,31,63,3,1,0,0,데스크톱,22:00,23:38
2026-07-01,목,S30326,유진민,과학,1,1,90,32,56,2,0,3,0,노트북,13:09,13:53
2026-07-02,금,S30301,신도미,과학,2,3,51,20,36,4,3,0,3,노트북,17:11,18:43
2026-07-02,금,S30302,강도민,과학,3,3,91,40,53,2,0,0,0,태블릿,14:55,14:19
2026-07-02,금,S30303,서준미,과학,1,2,103,37,63,0,1,0,0,크롬북,08:49,08:43
2026-07-02,금,S30304,전시준,과학,3,4,47,20,50,3,0,0,3,크롬북,22:41,23:27
2026-07-02,금,S30305,송연희,과학,3,3,74,34,65,3,3,0,2,노트북,08:31,08:08
2026-07-02,금,S30306,강하은,과학,3,3,103,35,66,4,0,0,0,노트북,20:42,20:11
2026-07-02,금,S30307,김성희,과학,3,3,97,52,83,5,1,0,0,스마트폰,22:58,23:09
2026-07-02,금,S30308,안하연,과학,2,2,74,46,76,3,3,2,0,태블릿,18:20,21:52
2026-07-02,금,S30309,안지경,과학,1,2,58,34,52,4,1,0,3,노트북,13:44,13:22
2026-07-02,금,S30310,허혜율,과학,3,3,81,54,87,3,0,0,0,스마트폰,13:19,15:39
2026-07-02,금,S30311,강하수,과학,1,2,79,42,47,2,3,0,1,크롬북,09:28,09:14
2026-07-02,금,S30313,신하윤,과학,2,2,103,66,64,1,0,2,0,태블릿,22:01,22:44
2026-07-02,금,S30314,장진지,과학,2,3,89,56,67,0,3,0,0,데스크톱,20:18,22:20
2026-07-02,금,S30316,서시은,과학,2,2,74,31,93,1,3,0,0,데스크톱,17:02,17:36
2026-07-02,금,S30317,손은호,과학,1,1,82,43,15,0,1,0,0,크롬북,17:34,18:16
2026-07-02,금,S30318,오진율,과학,3,3,86,59,65,4,2,0,2,크롬북,13:01,15:07
2026-07-02,금,S30321,유선희,과학,1,1,83,58,64,3,0,2,0,데스크톱,15:22,18:17
2026-07-02,금,S30322,허주현,과학,2,3,89,60,79,1,3,0,0,노트북,17:06,17:22
2026-07-02,금,S30324,배서경,과학,2,2,110,37,70,1,3,0,0,데스크톱,18:47,18:10
2026-07-02,금,S30325,양혁율,과학,2,2,87,47,54,3,1,3,3,태블릿,11:16,11:43
2026-07-02,금,S30326,유진민,과학,1,1,68,42,47,3,0,0,0,데스크톱,20:54,22:36
2026-07-03,토,S30301,신도미,과학,1,1,88,51,56,4,1,0,0,데스크톱,10:29,10:28
2026-07-03,토,S30302,강도민,과학,3,4,83,35,85,1,3,1,3,데스크톱,10:17,13:22
2026-07-03,토,S30309,안지경,과학,1,1,89,31,49,3,2,0,0,태블릿,10:49,11:46
2026-07-03,토,S30319,남유원,과학,1,1,63,35,58,2,3,0,0,태블릿,14:59,16:17
2026-07-03,토,S30320,조선우,과학,3,3,68,43,79,1,3,0,1,스마트폰,12:51,14:25
2026-07-03,토,S30323,오진은,과학,3,3,55,37,49,1,3,0,0,데스크톱,08:53,11:21
2026-07-03,토,S30326,유진민,과학,1,2,65,38,59,1,0,0,2,스마트폰,17:38,18:17
2026-07-04,일,S30301,신도미,과학,1,1,92,44,60,4,0,0,0,스마트폰,13:00,15:52
2026-07-04,일,S30306,강하은,과학,1,1,102,45,87,5,1,0,3,크롬북,15:52,17:14
2026-07-04,일,S30307,김성희,과학,2,2,82,53,78,1,1,1,1,스마트폰,21:42,23:20
2026-07-04,일,S30310,허혜율,과학,3,3,64,31,65,1,1,1,0,태블릿,14:27,14:28
2026-07-04,일,S30312,유선민,과학,2,3,92,53,76,3,2,0,3,태블릿,09:41,11:15
2026-07-04,일,S30314,장진지,과학,2,2,52,29,76,2,2,0,0,데스크톱,14:50,15:36
2026-07-04,일,S30317,손은호,과학,3,3,65,22,67,1,3,0,1,데스크톱,15:08,18:05
2026-07-04,일,S30318,오진율,과학,3,3,103,68,49,0,3,0,0,태블릿,18:24,20:37
2026-07-04,일,S30321,유선희,과학,3,3,71,31,56,3,2,3,0,크롬북,15:43,17:23
2026-07-04,일,S30322,허주현,과학,2,2,71,25,75,2,2,0,0,데스크톱,18:51,19:35
2026-07-04,일,S30323,오진은,과학,3,3,99,61,56,0,3,0,0,노트북,09:56,10:58
2026-07-04,일,S30324,배서경,과학,3,4,100,34,81,4,2,1,0,데스크톱,16:29,19:05
2026-07-05,월,S30301,신도미,과학,1,1,114,35,92,4,3,0,0,스마트폰,15:34,16:33
2026-07-05,월,S30303,서준미,과학,3,3,60,34,49,4,0,0,0,크롬북,14:01,14:33
2026-07-05,월,S30304,전시준,과학,2,2,102,66,69,2,0,1,1,데스크톱,13:24,14:15
2026-07-05,월,S30305,송연희,과학,2,3,104,34,61,3,0,0,1,데스크톱,20:39,22:58
2026-07-05,월,S30306,강하은,과학,2,2,111,68,100,5,2,0,3,크롬북,11:54,13:22
2026-07-05,월,S30307,김성희,과학,2,2,98,45,78,4,2,3,3,크롬북,18:45,19:53
2026-07-05,월,S30309,안지경,과학,2,3,58,36,41,2,3,0,0,크롬북,10:28,12:17
2026-07-05,월,S30310,허혜율,과학,3,3,111,35,47,4,3,2,3,태블릿,14:08,16:50
2026-07-05,월,S30311,강하수,과학,2,3,82,38,67,0,3,0,0,데스크톱,18:21,19:15
2026-07-05,월,S30313,신하윤,과학,3,3,52,28,45,2,1,0,0,데스크톱,13:43,14:11
2026-07-05,월,S30314,장진지,과학,3,3,55,35,94,1,0,0,0,태블릿,13:52,13:39
2026-07-05,월,S30315,박시호,과학,2,2,76,43,72,1,3,0,0,스마트폰,08:47,09:16
2026-07-05,월,S30317,손은호,과학,2,2,68,23,55,0,0,0,0,크롬북,19:27,21:37
2026-07-05,월,S30318,오진율,과학,1,2,78,26,66,3,3,2,0,노트북,15:02,15:38
2026-07-05,월,S30320,조선우,과학,2,2,85,47,60,3,0,0,2,태블릿,17:08,19:43
2026-07-05,월,S30322,허주현,과학,1,2,64,35,54,0,2,0,0,크롬북,12:09,13:24
2026-07-05,월,S30323,오진은,과학,3,3,80,55,69,1,3,0,0,태블릿,08:30,09:07
2026-07-05,월,S30324,배서경,과학,2,3,73,36,48,1,3,0,0,데스크톱,10:03,13:44
2026-07-05,월,S30326,유진민,과학,3,4,71,44,67,0,0,1,0,크롬북,16:21,16:03
2026-07-06,화,S30301,신도미,과학,2,2,87,26,60,2,1,0,3,노트북,15:30,15:48
2026-07-06,화,S30303,서준미,과학,3,3,49,16,60,0,3,3,3,크롬북,09:41,11:00
2026-07-06,화,S30304,전시준,과학,1,2,58,29,73,2,3,0,0,태블릿,17:37,18:29
2026-07-06,화,S30305,송연희,과학,1,1,64,35,77,4,3,0,0,노트북,10:01,13:35
2026-07-06,화,S30306,강하은,과학,3,3,88,45,62,0,2,2,3,노트북,12:45,12:50
2026-07-06,화,S30307,김성희,과학,2,3,114,45,72,3,2,0,2,데스크톱,11:29,13:37
2026-07-06,화,S30308,안하연,과학,2,2,83,28,55,3,1,0,0,스마트폰,18:53,20:36
2026-07-06,화,S30310,허혜율,과학,2,2,75,39,73,2,2,0,0,데스크톱,18:26,20:51
2026-07-06,화,S30313,신하윤,과학,1,1,63,28,48,4,1,0,0,스마트폰,22:38,23:20
2026-07-06,화,S30314,장진지,과학,1,1,63,30,62,2,1,0,0,데스크톱,14:17,16:30
2026-07-06,화,S30315,박시호,과학,2,2,98,39,74,0,2,0,0,스마트폰,19:20,20:52
2026-07-06,화,S30318,오진율,과학,2,2,78,47,81,0,0,0,0,스마트폰,17:11,20:53
2026-07-06,화,S30319,남유원,과학,1,2,58,32,59,0,0,1,0,노트북,17:46,19:45
2026-07-06,화,S30321,유선희,과학,3,4,66,23,83,3,2,0,3,스마트폰,13:54,14:02
2026-07-06,화,S30323,오진은,과학,1,2,51,19,48,0,1,0,0,노트북,17:43,20:14
2026-07-06,화,S30324,배서경,과학,3,3,95,36,77,2,3,0,0,크롬북,13:41,13:37
2026-07-06,화,S30325,양혁율,과학,3,3,79,47,71,0,0,0,1,크롬북,10:07,10:11
2026-07-06,화,S30326,유진민,과학,2,2,94,35,65,2,2,1,0,태블릿,21:44,21:35
2026-07-07,수,S30301,신도미,과학,2,2,72,34,77,1,0,0,0,크롬북,14:44,14:53
2026-07-07,수,S30302,강도민,과학,2,3,86,27,87,0,0,0,0,크롬북,13:40,13:15
2026-07-07,수,S30303,서준미,과학,2,2,86,40,77,4,1,0,0,태블릿,19:16,19:57
2026-07-07,수,S30304,전시준,과학,2,2,82,50,57,3,2,0,0,데스크톱,17:01,20:17
2026-07-07,수,S30305,송연희,과학,2,2,114,38,32,3,3,2,0,태블릿,15:01,18:37
2026-07-07,수,S30306,강하은,과학,3,3,81,25,71,2,3,0,0,스마트폰,12:20,14:12
2026-07-07,수,S30307,김성희,과학,2,2,116,58,72,3,0,0,1,태블릿,09:42,12:28
2026-07-07,수,S30308,안하연,과학,2,2,66,32,74,3,3,0,0,노트북,22:12,23:47
2026-07-07,수,S30309,안지경,과학,3,3,104,55,73,4,1,0,0,태블릿,11:59,12:59
2026-07-07,수,S30310,허혜율,과학,2,3,94,51,20,0,0,3,0,크롬북,09:25,11:26
2026-07-07,수,S30311,강하수,과학,3,3,89,49,66,0,2,1,1,노트북,13:17,15:01
2026-07-07,수,S30312,유선민,과학,1,1,62,27,78,2,3,2,0,스마트폰,21:31,21:41
2026-07-07,수,S30313,신하윤,과학,1,2,105,61,32,1,3,0,2,노트북,13:41,13:46
2026-07-07,수,S30314,장진지,과학,3,3,61,30,80,1,3,0,0,태블릿,17:27,19:53
2026-07-07,수,S30315,박시호,과학,1,1,67,22,97,3,0,0,0,노트북,21:00,23:21
2026-07-07,수,S30318,오진율,과학,1,1,53,36,73,3,1,0,0,스마트폰,15:18,16:20
2026-07-07,수,S30320,조선우,과학,3,3,97,46,87,2,1,0,3,데스크톱,20:38,22:39
2026-07-07,수,S30321,유선희,과학,1,2,69,40,74,2,1,2,0,스마트폰,22:08,23:26
2026-07-07,수,S30323,오진은,과학,2,2,96,58,74,4,3,0,0,노트북,22:17,23:34
2026-07-07,수,S30325,양혁율,과학,3,4,35,17,46,0,3,0,0,스마트폰,21:10,22:10
2026-07-08,목,S30301,신도미,과학,3,3,96,67,50,1,0,0,0,크롬북,13:41,16:22
2026-07-08,목,S30302,강도민,과학,2,2,105,48,59,3,3,0,0,태블릿,18:16,19:25
2026-07-08,목,S30303,서준미,과학,3,3,86,48,100,2,2,2,2,스마트폰,22:06,23:40
2026-07-08,목,S30304,전시준,과학,2,3,82,39,72,2,0,0,2,크롬북,11:47,14:30
2026-07-08,목,S30305,송연희,과학,2,2,79,44,47,3,0,2,2,데스크톱,11:56,13:04
2026-07-08,목,S30306,강하은,과학,3,3,83,38,86,0,3,0,0,노트북,13:28,14:51
2026-07-08,목,S30307,김성희,과학,1,2,94,62,77,3,2,0,3,스마트폰,13:08,13:20
2026-07-08,목,S30308,안하연,과학,2,2,97,31,83,3,3,3,0,노트북,15:34,17:29
2026-07-08,목,S30309,안지경,과학,2,2,70,30,53,1,0,0,0,노트북,16:44,19:12
2026-07-08,목,S30310,허혜율,과학,3,3,93,34,77,1,0,0,1,태블릿,17:01,20:32
2026-07-08,목,S30311,강하수,과학,1,1,105,57,38,3,2,0,0,데스크톱,19:52,19:24
2026-07-08,목,S30313,신하윤,과학,3,3,102,42,65,0,1,0,0,노트북,09:36,12:46
2026-07-08,목,S30315,박시호,과학,1,1,76,52,76,3,1,0,0,데스크톱,08:09,11:38
2026-07-08,목,S30316,서시은,과학,2,2,70,45,55,3,3,0,1,태블릿,10:30,12:49
2026-07-08,목,S30318,오진율,과학,3,3,104,54,63,1,2,0,0,태블릿,22:48,23:25
2026-07-08,목,S30319,남유원,과학,1,2,86,38,73,0,2,3,0,스마트폰,10:51,12:19
2026-07-08,목,S30320,조선우,과학,3,3,44,17,47,3,3,1,2,태블릿,16:16,16:45
2026-07-08,목,S30321,유선희,과학,2,2,62,32,69,3,2,1,0,크롬북,12:13,14:35
2026-07-08,목,S30323,오진은,과학,2,2,42,13,34,0,3,1,0,크롬북,21:28,23:25
2026-07-08,목,S30324,배서경,과학,3,3,89,62,72,1,1,0,0,태블릿,09:12,10:56
2026-07-08,목,S30325,양혁율,과학,1,2,79,45,63,3,2,0,2,스마트폰,09:26,10:42
2026-07-09,금,S30301,신도미,과학,1,1,118,51,68,1,1,0,1,노트북,15:32,16:51
2026-07-09,금,S30302,강도민,과학,2,2,80,41,64,1,1,0,3,스마트폰,20:04,20:03
2026-07-09,금,S30303,서준미,과학,1,1,112,35,81,2,2,0,0,태블릿,20:29,23:34
2026-07-09,금,S30304,전시준,과학,3,4,51,19,79,3,3,0,1,스마트폰,11:24,11:48
2026-07-09,금,S30305,송연희,과학,1,1,91,32,47,3,1,0,0,스마트폰,11:42,13:47
2026-07-09,금,S30306,강하은,과학,3,4,110,67,47,5,2,0,3,스마트폰,15:24,16:59
2026-07-09,금,S30307,김성희,과학,3,3,114,68,85,0,2,1,0,스마트폰,17:34,20:41
2026-07-09,금,S30309,안지경,과학,2,2,90,27,83,3,0,3,2,노트북,09:45,10:28
2026-07-09,금,S30310,허혜율,과학,3,3,99,32,74,3,2,0,0,크롬북,18:33,19:29
2026-07-09,금,S30311,강하수,과학,1,1,63,30,61,0,0,0,0,데스크톱,19:13,22:15
2026-07-09,금,S30313,신하윤,과학,2,2,72,49,67,2,0,0,3,크롬북,11:53,13:46
2026-07-09,금,S30314,장진지,과학,1,1,56,20,65,2,3,2,2,데스크톱,09:31,12:17
2026-07-09,금,S30315,박시호,과학,3,3,95,59,40,2,2,0,0,스마트폰,18:40,19:17
2026-07-09,금,S30316,서시은,과학,3,3,105,32,58,1,0,0,0,노트북,17:36,20:53
2026-07-09,금,S30317,손은호,과학,2,2,105,63,34,1,3,0,0,데스크톱,20:52,22:23
2026-07-09,금,S30318,오진율,과학,1,1,93,47,66,3,3,2,0,노트북,11:29,11:10
2026-07-09,금,S30320,조선우,과학,3,3,59,18,68,2,1,0,3,데스크톱,21:31,21:18
2026-07-09,금,S30322,허주현,과학,3,4,65,38,49,0,2,2,2,노트북,19:11,21:06
2026-07-09,금,S30323,오진은,과학,3,4,95,65,73,0,0,0,2,크롬북,18:54,19:05
2026-07-09,금,S30324,배서경,과학,3,4,99,47,83,0,2,0,0,크롬북,08:54,11:07
2026-07-09,금,S30325,양혁율,과학,2,3,99,58,48,1,2,0,3,스마트폰,10:02,12:48
2026-07-09,금,S30326,유진민,과학,3,3,77,49,81,3,2,0,0,태블릿,09:57,11:13
2026-07-10,토,S30301,신도미,과학,1,1,67,32,54,4,1,0,0,노트북,12:59,14:12
2026-07-10,토,S30305,송연희,과학,2,2,63,40,55,1,0,1,0,크롬북,18:44,18:33
2026-07-10,토,S30306,강하은,과학,1,1,119,41,73,5,0,2,3,크롬북,11:06,14:13
2026-07-10,토,S30307,김성희,과학,1,1,102,63,85,5,1,1,2,태블릿,08:21,09:38
2026-07-10,토,S30308,안하연,과학,3,3,48,24,69,2,3,0,0,노트북,10:45,12:37
2026-07-10,토,S30309,안지경,과학,2,2,40,26,84,0,2,3,3,태블릿,22:29,22:00
2026-07-10,토,S30311,강하수,과학,1,1,105,38,29,2,2,3,2,스마트폰,19:23,22:31
2026-07-10,토,S30314,장진지,과학,1,2,68,23,51,0,2,0,1,노트북,21:24,23:25
2026-07-10,토,S30315,박시호,과학,1,2,96,60,60,3,3,0,3,크롬북,14:04,17:12
2026-07-10,토,S30316,서시은,과학,1,2,86,47,70,3,1,0,1,스마트폰,13:49,15:18
2026-07-10,토,S30318,오진율,과학,2,3,81,44,54,1,0,0,0,노트북,19:51,21:32
2026-07-10,토,S30322,허주현,과학,1,1,109,58,59,2,0,0,0,데스크톱,12:13,13:00
2026-07-10,토,S30323,오진은,과학,1,2,99,64,35,3,1,0,0,노트북,16:05,17:07
2026-07-10,토,S30325,양혁율,과학,2,2,113,53,62,0,2,1,0,데스크톱,10:55,10:44
2026-07-11,일,S30302,강도민,과학,1,2,47,17,73,0,0,0,3,노트북,09:43,10:28
2026-07-11,일,S30305,송연희,과학,3,3,120,74,48,5,3,0,0,크롬북,08:52,10:27
2026-07-11,일,S30310,허혜율,과학,1,1,77,49,53,1,3,0,1,노트북,16:44,17:26
2026-07-11,일,S30315,박시호,과학,1,1,83,28,61,3,2,0,0,스마트폰,11:23,13:25
2026-07-11,일,S30317,손은호,과학,3,3,72,40,51,1,3,0,2,데스크톱,13:36,14:33
2026-07-11,일,S30319,남유원,과학,1,1,77,25,52,0,0,0,3,노트북,19:12,21:19
2026-07-12,월,S30302,강도민,과학,1,2,63,30,61,3,2,3,2,태블릿,18:47,18:03
2026-07-12,월,S30304,전시준,과학,3,4,95,31,75,3,0,0,0,태블릿,14:06,15:47
2026-07-12,월,S30305,송연희,과학,3,3,99,42,67,1,1,0,0,태블릿,12:27,12:43
2026-07-12,월,S30306,강하은,과학,3,4,110,43,69,5,1,0,0,크롬북,22:16,23:51
2026-07-12,월,S30307,김성희,과학,2,2,84,54,47,2,2,1,2,태블릿,13:27,15:25
2026-07-12,월,S30308,안하연,과학,1,2,84,48,78,3,1,3,0,크롬북,10:27,13:06
2026-07-12,월,S30309,안지경,과학,3,3,77,25,54,3,2,0,0,스마트폰,15:40,16:40
2026-07-12,월,S30312,유선민,과학,1,1,70,35,89,1,2,0,0,데스크톱,08:07,11:33
2026-07-12,월,S30313,신하윤,과학,2,2,55,20,57,0,2,0,0,노트북,11:49,14:46
2026-07-12,월,S30314,장진지,과학,2,2,50,33,46,0,3,1,0,크롬북,22:56,23:12
2026-07-12,월,S30317,손은호,과학,2,2,80,25,50,3,3,1,2,데스크톱,08:15,08:05
2026-07-12,월,S30318,오진율,과학,2,2,72,27,80,1,2,3,1,스마트폰,16:40,16:58
2026-07-12,월,S30320,조선우,과학,3,3,72,32,74,0,2,0,0,데스크톱,19:57,19:48
2026-07-12,월,S30321,유선희,과학,3,3,75,23,75,2,3,3,0,스마트폰,20:38,21:45
2026-07-12,월,S30322,허주현,과학,2,2,74,30,39,0,0,0,0,태블릿,18:59,18:29
2026-07-12,월,S30323,오진은,과학,1,1,77,53,65,1,2,0,0,데스크톱,11:43,13:16
2026-07-12,월,S30324,배서경,과학,3,4,88,28,49,3,2,1,0,데스크톱,08:31,10:12
2026-07-12,월,S30325,양혁율,과학,1,1,100,49,82,3,1,0,1,스마트폰,17:47,17:47
2026-07-12,월,S30326,유진민,과학,2,2,73,33,32,1,1,0,0,크롬북,13:12,14:30
2026-07-13,화,S30301,신도미,과학,1,1,87,30,51,2,0,0,0,노트북,15:08,18:36
2026-07-13,화,S30302,강도민,과학,1,2,84,48,94,1,0,0,3,크롬북,10:25,11:50
2026-07-13,화,S30303,서준미,과학,3,3,80,34,54,2,3,0,3,태블릿,21:12,22:16
2026-07-13,화,S30305,송연희,과학,3,3,97,42,58,2,2,0,3,데스크톱,12:00,15:34
2026-07-13,화,S30306,강하은,과학,3,4,97,30,66,4,0,0,3,태블릿,08:34,11:37
2026-07-13,화,S30307,김성희,과학,3,4,88,36,57,1,2,0,2,태블릿,20:24,22:10
2026-07-13,화,S30308,안하연,과학,3,4,74,41,58,2,0,0,3,스마트폰,15:53,17:09
2026-07-13,화,S30309,안지경,과학,2,3,106,62,40,1,2,0,3,데스크톱,12:36,13:30
2026-07-13,화,S30310,허혜율,과학,1,1,91,28,53,0,1,0,0,크롬북,15:33,16:03
2026-07-13,화,S30311,강하수,과학,1,1,68,21,84,2,0,0,1,노트북,12:22,15:03
2026-07-13,화,S30312,유선민,과학,1,2,46,23,61,2,3,0,0,태블릿,19:02,21:32
2026-07-13,화,S30313,신하윤,과학,3,4,107,49,53,3,0,0,0,노트북,17:30,18:43
2026-07-13,화,S30314,장진지,과학,2,2,101,43,55,3,2,0,0,크롬북,17:45,20:11
2026-07-13,화,S30317,손은호,과학,3,3,69,25,48,3,0,0,1,스마트폰,18:15,21:27
2026-07-13,화,S30318,오진율,과학,2,2,57,21,74,2,0,0,0,스마트폰,22:10,23:05
2026-07-13,화,S30319,남유원,과학,3,3,79,28,57,2,1,0,0,노트북,09:58,11:53
2026-07-13,화,S30320,조선우,과학,2,2,58,19,81,3,1,0,3,데스크톱,19:39,21:17
2026-07-13,화,S30321,유선희,과학,2,2,108,40,99,1,3,0,2,데스크톱,13:25,15:04
2026-07-13,화,S30323,오진은,과학,1,1,43,20,52,4,0,0,1,노트북,14:41,15:47
2026-07-13,화,S30324,배서경,과학,1,1,123,43,65,4,0,2,3,노트북,22:23,23:38
2026-07-13,화,S30325,양혁율,과학,3,4,79,31,51,2,1,2,3,노트북,21:46,22:01
2026-07-14,수,S30301,신도미,과학,1,1,79,37,62,0,1,0,0,크롬북,16:40,16:26
2026-07-14,수,S30303,서준미,과학,3,3,74,48,50,3,1,0,0,크롬북,17:30,19:02
2026-07-14,수,S30304,전시준,과학,1,2,69,37,80,3,1,0,0,노트북,20:42,20:36
2026-07-14,수,S30305,송연희,과학,1,1,110,53,42,2,2,0,2,스마트폰,12:35,13:17
2026-07-14,수,S30306,강하은,과학,1,1,112,46,71,4,2,0,1,스마트폰,22:22,22:22
2026-07-14,수,S30307,김성희,과학,3,3,99,55,65,2,2,0,2,데스크톱,21:20,23:38
2026-07-14,수,S30308,안하연,과학,1,2,69,39,82,3,1,0,0,노트북,17:33,20:20
2026-07-14,수,S30309,안지경,과학,1,1,74,48,79,1,3,0,2,데스크톱,11:47,11:00
2026-07-14,수,S30311,강하수,과학,1,1,34,12,67,0,0,0,0,스마트폰,09:09,09:13
2026-07-14,수,S30313,신하윤,과학,2,2,66,25,84,3,0,0,0,크롬북,12:38,12:18
2026-07-14,수,S30314,장진지,과학,2,3,64,26,82,2,0,0,0,크롬북,21:39,21:24
2026-07-14,수,S30317,손은호,과학,1,1,56,24,58,3,2,0,0,크롬북,15:15,18:50
2026-07-14,수,S30318,오진율,과학,2,2,102,43,46,1,0,3,0,스마트폰,16:10,16:21
2026-07-14,수,S30319,남유원,과학,1,1,85,44,55,2,1,0,2,크롬북,19:17,21:33
2026-07-14,수,S30320,조선우,과학,1,1,43,14,66,2,3,0,2,태블릿,19:56,19:33
2026-07-14,수,S30321,유선희,과학,3,3,53,27,62,2,1,0,0,노트북,17:47,19:37
2026-07-14,수,S30323,오진은,과학,1,1,91,50,40,4,1,0,0,태블릿,15:09,18:23
2026-07-14,수,S30324,배서경,과학,1,1,69,23,57,0,3,0,2,크롬북,13:58,14:49
2026-07-14,수,S30325,양혁율,과학,3,3,92,54,57,3,3,0,0,스마트폰,18:47,19:51
2026-07-15,목,S30301,신도미,과학,3,4,66,46,24,4,0,0,2,크롬북,10:22,10:56
2026-07-15,목,S30302,강도민,과학,2,3,77,46,45,2,1,1,1,데스크톱,19:12,21:33
2026-07-15,목,S30303,서준미,과학,3,3,89,39,71,1,2,0,0,데스크톱,20:49,23:13
2026-07-15,목,S30304,전시준,과학,1,1,69,29,69,1,2,2,0,스마트폰,17:06,20:47
2026-07-15,목,S30305,송연희,과학,2,3,117,38,34,4,1,0,0,크롬북,08:14,11:30
2026-07-15,목,S30306,강하은,과학,3,3,119,44,98,0,0,0,2,크롬북,17:15,17:21
2026-07-15,목,S30307,김성희,과학,3,3,88,46,72,5,3,0,3,태블릿,09:29,12:54
2026-07-15,목,S30308,안하연,과학,1,1,65,39,60,0,1,0,0,데스크톱,15:52,17:15
2026-07-15,목,S30309,안지경,과학,3,4,112,59,55,1,0,0,1,스마트폰,13:18,15:22
2026-07-15,목,S30310,허혜율,과학,1,2,59,20,59,3,2,0,2,노트북,16:14,17:24
2026-07-15,목,S30312,유선민,과학,2,2,103,61,39,3,0,0,3,노트북,10:18,11:58
2026-07-15,목,S30313,신하윤,과학,1,2,55,31,62,3,1,0,3,태블릿,19:40,21:03
2026-07-15,목,S30314,장진지,과학,3,3,75,23,42,0,1,0,1,노트북,10:00,10:51
2026-07-15,목,S30315,박시호,과학,1,1,91,33,55,1,1,2,0,스마트폰,12:09,14:45
2026-07-15,목,S30316,서시은,과학,2,2,60,27,52,2,0,0,2,스마트폰,19:30,22:28
2026-07-15,목,S30317,손은호,과학,3,3,102,44,18,4,0,0,3,스마트폰,20:50,20:12
2026-07-15,목,S30318,오진율,과학,1,1,52,16,80,2,0,0,2,크롬북,13:17,14:35
2026-07-15,목,S30321,유선희,과학,2,3,49,19,66,0,3,0,2,노트북,22:02,23:31
2026-07-15,목,S30322,허주현,과학,1,1,65,27,32,2,0,0,0,크롬북,11:19,11:45
2026-07-15,목,S30323,오진은,과학,3,3,65,36,56,4,0,0,1,태블릿,09:46,12:45
2026-07-15,목,S30324,배서경,과학,2,2,78,24,71,2,1,2,1,스마트폰,09:25,11:46
2026-07-15,목,S30325,양혁율,과학,2,3,59,36,42,0,0,3,0,태블릿,09:07,10:12
2026-07-15,목,S30326,유진민,과학,2,3,53,34,59,1,1,0,0,데스크톱,11:28,14:50
2026-07-16,금,S30301,신도미,과학,2,3,80,55,59,2,1,0,2,스마트폰,10:48,13:26
2026-07-16,금,S30302,강도민,과학,3,4,91,38,63,0,3,3,1,크롬북,14:03,16:17
2026-07-16,금,S30303,서준미,과학,1,1,81,26,59,2,3,3,1,노트북,11:21,13:27
2026-07-16,금,S30304,전시준,과학,3,3,105,54,78,3,2,0,0,태블릿,18:12,20:52
2026-07-16,금,S30305,송연희,과학,1,1,95,37,51,5,0,0,2,크롬북,09:30,12:11
2026-07-16,금,S30307,김성희,과학,2,2,110,39,67,1,1,0,0,스마트폰,13:02,15:04
2026-07-16,금,S30308,안하연,과학,2,2,60,41,51,2,0,0,2,태블릿,18:48,21:14
2026-07-16,금,S30309,안지경,과학,1,1,63,25,68,3,0,0,3,스마트폰,16:26,17:25
2026-07-16,금,S30312,유선민,과학,1,1,63,30,60,1,3,1,3,태블릿,10:35,12:30
2026-07-16,금,S30313,신하윤,과학,3,3,112,75,40,3,0,0,3,크롬북,15:24,16:15
2026-07-16,금,S30314,장진지,과학,2,2,80,26,65,3,2,0,0,태블릿,11:17,11:51
2026-07-16,금,S30315,박시호,과학,2,2,87,52,48,3,2,0,0,크롬북,17:15,17:51
2026-07-16,금,S30318,오진율,과학,1,1,71,27,51,1,0,0,3,크롬북,12:44,13:33
2026-07-16,금,S30320,조선우,과학,3,4,78,26,76,3,0,0,3,데스크톱,15:20,17:25
2026-07-16,금,S30321,유선희,과학,2,3,59,41,93,3,1,2,1,태블릿,18:13,19:35
2026-07-16,금,S30322,허주현,과학,2,2,80,50,72,1,2,0,3,노트북,20:09,21:31
2026-07-16,금,S30323,오진은,과학,3,3,51,25,50,1,1,0,1,데스크톱,18:47,19:56
2026-07-16,금,S30324,배서경,과학,1,2,76,32,54,1,1,0,0,데스크톱,13:19,13:21
2026-07-16,금,S30325,양혁율,과학,2,2,76,40,39,0,1,0,0,스마트폰,20:00,21:57
2026-07-16,금,S30326,유진민,과학,2,3,84,30,36,2,1,0,0,스마트폰,14:12,15:44
2026-07-17,토,S30302,강도민,과학,3,3,102,49,84,0,0,0,2,크롬북,13:16,16:15
2026-07-17,토,S30303,서준미,과학,2,3,81,49,61,2,1,0,0,노트북,13:41,15:41
2026-07-17,토,S30304,전시준,과학,3,4,57,27,51,3,3,0,0,태블릿,19:26,20:29
2026-07-17,토,S30307,김성희,과학,3,3,103,54,85,3,2,2,0,스마트폰,19:04,22:01
2026-07-17,토,S30308,안하연,과학,3,3,65,26,91,2,3,0,3,스마트폰,22:30,22:40
2026-07-17,토,S30310,허혜율,과학,3,3,83,48,63,4,3,0,0,데스크톱,13:05,15:55
2026-07-17,토,S30313,신하윤,과학,3,3,83,50,52,0,0,2,1,데스크톱,22:38,22:24
2026-07-17,토,S30320,조선우,과학,2,2,75,34,100,1,1,2,2,크롬북,22:34,23:23
2026-07-18,일,S30301,신도미,과학,3,4,99,35,39,3,2,1,0,크롬북,18:38,20:06
2026-07-18,일,S30302,강도민,과학,1,1,67,42,34,1,2,0,0,노트북,18:30,21:41
2026-07-18,일,S30303,서준미,과학,1,1,72,45,56,0,1,0,0,데스크톱,21:12,23:16
2026-07-18,일,S30307,김성희,과학,2,2,74,47,91,0,2,0,0,태블릿,20:39,22:28
2026-07-18,일,S30311,강하수,과학,2,2,35,24,41,3,0,1,0,노트북,08:47,10:07
2026-07-18,일,S30317,손은호,과학,2,3,83,49,43,2,2,3,1,스마트폰,22:35,22:05
2026-07-18,일,S30320,조선우,과학,1,2,80,33,60,2,0,2,3,노트북,08:12,11:22
2026-07-18,일,S30321,유선희,과학,2,2,72,45,71,3,0,0,0,태블릿,22:32,23:32
2026-07-18,일,S30322,허주현,과학,1,1,40,16,68,1,2,1,0,스마트폰,09:14,12:12